Country Name,Country Code,1991,1992,1993,1994,1995,1996,1997,1998,1999,2000,2001,2002,2003,2004,2005,2006,2007,2008,2009,2010,2011,2012,2013,2014,2015,2016,2017,2018,2019,2020,2021
Africa Eastern and Southern,AFE,,7.8 lacs,6.08 lacs,7.8 lacs,6.08 lacs,7.8 lacs,6.08 lacs,7.8 lacs,6.08 lacs,7.8 lacs,6.08 lacs,7.8 lacs,6.08 lacs,7.8 lacs,6.08 lacs,7.8 lacs,6.08 lacs,7.8 lacs,6.08 lacs,7.8 lacs,6.08 lacs,7.8 lacs,6.08 lacs,7.8 lacs,6.08 lacs,7.8 lacs,6.08 lacs,7.8 lacs,6.08 lacs,7.8 lacs,6.08 lacs
Afghanistan,AFG,,10.65 lacs,3.9 lacs,10.65 lacs,3.9 lacs,10.65 lacs,3.9 lacs,10.65 lacs,3.9 lacs,10.65 lacs,3.9 lacs,10.65 lacs,3.9 lacs,10.65 lacs,3.9 lacs,10.65 lacs,3.9 lacs,10.65 lacs,3.9 lacs,10.65 lacs,3.9 lacs,10.65 lacs,3.9 lacs,10.65 lacs,3.9 lacs,10.65 lacs,3.9 lacs,10.65 lacs,3.9 lacs,10.65 lacs,3.9 lacs
Africa Western and Central,AFW,,4.42 lacs,4.82 lacs,4.42 lacs,4.82 lacs,4.42 lacs,4.82 lacs,4.42 lacs,4.82 lacs,4.42 lacs,4.82 lacs,4.42 lacs,4.82 lacs,4.42 lacs,4.82 lacs,4.42 lacs,4.82 lacs,4.42 lacs,4.82 lacs,4.42 lacs,4.82 lacs,4.42 lacs,4.82 lacs,4.42 lacs,4.82 lacs,4.42 lacs,4.82 lacs,4.42 lacs,4.82 lacs,4.42 lacs,4.82 lacs
Angola,AGO,,4.21 lacs,14.22 lacs,4.21 lacs,14.22 lacs,4.21 lacs,14.22 lacs,4.21 lacs,14.22 lacs,4.21 lacs,14.22 lacs,4.21 lacs,14.22 lacs,4.21 lacs,14.22 lacs,4.21 lacs,14.22 lacs,4.21 lacs,14.22 lacs,4.21 lacs,14.22 lacs,4.21 lacs,14.22 lacs,4.21 lacs,14.22 lacs,4.21 lacs,14.22 lacs,4.21 lacs,14.22 lacs,4.21 lacs,14.22 lacs
Albania,ALB,,10.31 lacs,4.84 lacs,10.31 lacs,4.84 lacs,10.31 lacs,4.84 lacs,10.31 lacs,4.84 lacs,10.31 lacs,4.84 lacs,10.31 lacs,4.84 lacs,10.31 lacs,4.84 lacs,10.31 lacs,4.84 lacs,10.31 lacs,4.84 lacs,10.31 lacs,4.84 lacs,10.31 lacs,4.84 lacs,10.31 lacs,4.84 lacs,10.31 lacs,4.84 lacs,10.31 lacs,4.84 lacs,10.31 lacs,4.84 lacs
Arab World,ARB,,11.62 lacs,4.33 lacs,11.62 lacs,4.33 lacs,11.62 lacs,4.33 lacs,11.62 lacs,4.33 lacs,11.62 lacs,4.33 lacs,11.62 lacs,4.33 lacs,11.62 lacs,4.33 lacs,11.62 lacs,4.33 lacs,11.62 lacs,4.33 lacs,11.62 lacs,4.33 lacs,11.62 lacs,4.33 lacs,11.62 lacs,4.33 lacs,11.62 lacs,4.33 lacs,11.62 lacs,4.33 lacs,11.62 lacs,4.33 lacs
United Arab Emirates,ARE,,1.87 lacs,36.39 lacs,1.87 lacs,36.39 lacs,1.87 lacs,36.39 lacs,1.87 lacs,36.39 lacs,1.87 lacs,36.39 lacs,1.87 lacs,36.39 lacs,1.87 lacs,36.39 lacs,1.87 lacs,36.39 lacs,1.87 lacs,36.39 lacs,1.87 lacs,36.39 lacs,1.87 lacs,36.39 lacs,1.87 lacs,36.39 lacs,1.87 lacs,36.39 lacs,1.87 lacs,36.39 lacs,1.87 lacs,36.39 lacs
Argentina,ARG,,5.44 lacs,3.62 lacs,5.44 lacs,3.62 lacs,5.44 lacs,3.62 lacs,5.44 lacs,3.62 lacs,5.44 lacs,3.62 lacs,5.44 lacs,3.62 lacs,5.44 lacs,3.62 lacs,5.44 lacs,3.62 lacs,5.44 lacs,3.62 lacs,5.44 lacs,3.62 lacs,5.44 lacs,3.62 lacs,5.44 lacs,3.62 lacs,5.44 lacs,3.62 lacs,5.44 lacs,3.62 lacs,5.44 lacs,3.62 lacs
Armenia,ARM,,1.6 lacs,1.2 lacs,1.6 lacs,1.2 lacs,1.6 lacs,1.2 lacs,1.6 lacs,1.2 lacs,1.6 lacs,1.2 lacs,1.6 lacs,1.2 lacs,1.6 lacs,1.2 lacs,1.6 lacs,1.2 lacs,1.6 lacs,1.2 lacs,1.6 lacs,1.2 lacs,1.6 lacs,1.2 lacs,1.6 lacs,1.2 lacs,1.6 lacs,1.2 lacs,1.6 lacs,1.2 lacs,1.6 lacs,1.2 lacs
Australia,AUS,,9.58 lacs,2.03 lacs,9.58 lacs,2.03 lacs,9.58 lacs,2.03 lacs,9.58 lacs,2.03 lacs,9.58 lacs,2.03 lacs,9.58 lacs,2.03 lacs,9.58 lacs,2.03 lacs,9.58 lacs,2.03 lacs,9.58 lacs,2.03 lacs,9.58 lacs,2.03 lacs,9.58 lacs,2.03 lacs,9.58 lacs,2.03 lacs,9.58 lacs,2.03 lacs,9.58 lacs,2.03 lacs,9.58 lacs,2.03 lacs
Austria,AUT,,3.42 lacs,6.6 lacs,3.42 lacs,6.6 lacs,3.42 lacs,6.6 lacs,3.42 lacs,6.6 lacs,3.42 lacs,6.6 lacs,3.42 lacs,6.6 lacs,3.42 lacs,6.6 lacs,3.42 lacs,6.6 lacs,3.42 lacs,6.6 lacs,3.42 lacs,6.6 lacs,3.42 lacs,6.6 lacs,3.42 lacs,6.6 lacs,3.42 lacs,6.6 lacs,3.42 lacs,6.6 lacs,3.42 lacs,6.6 lacs
Azerbaijan,AZE,,0.9 lacs,2.2 lacs,0.9 lacs,2.2 lacs,0.9 lacs,2.2 lacs,0.9 lacs,2.2 lacs,0.9 lacs,2.2 lacs,0.9 lacs,2.2 lacs,0.9 lacs,2.2 lacs,0.9 lacs,2.2 lacs,0.9 lacs,2.2 lacs,0.9 lacs,2.2 lacs,0.9 lacs,2.2 lacs,0.9 lacs,2.2 lacs,0.9 lacs,2.2 lacs,0.9 lacs,2.2 lacs,0.9 lacs,2.2 lacs
Burundi,BDI,,1.51 lacs,12.99 lacs,1.51 lacs,12.99 lacs,1.51 lacs,12.99 lacs,1.51 lacs,12.99 lacs,1.51 lacs,12.99 lacs,1.51 lacs,12.99 lacs,1.51 lacs,12.99 lacs,1.51 lacs,12.99 lacs,1.51 lacs,12.99 lacs,1.51 lacs,12.99 lacs,1.51 lacs,12.99 lacs,1.51 lacs,12.99 lacs,1.51 lacs,12.99 lacs,1.51 lacs,12.99 lacs,1.51 lacs,12.99 lacs
Belgium,BEL,,6.99 lacs,3.7 lacs,6.99 lacs,3.7 lacs,6.99 lacs,3.7 lacs,6.99 lacs,3.7 lacs,6.99 lacs,3.7 lacs,6.99 lacs,3.7 lacs,6.99 lacs,3.7 lacs,6.99 lacs,3.7 lacs,6.99 lacs,3.7 lacs,6.99 lacs,3.7 lacs,6.99 lacs,3.7 lacs,6.99 lacs,3.7 lacs,6.99 lacs,3.7 lacs,6.99 lacs,3.7 lacs,6.99 lacs,3.7 lacs
Benin,BEN,,1.49 lacs,4.99 lacs,1.49 lacs,4.99 lacs,1.49 lacs,4.99 lacs,1.49 lacs,4.99 lacs,1.49 lacs,4.99 lacs,1.49 lacs,4.99 lacs,1.49 lacs,4.99 lacs,1.49 lacs,4.99 lacs,1.49 lacs,4.99 lacs,1.49 lacs,4.99 lacs,1.49 lacs,4.99 lacs,1.49 lacs,4.99 lacs,1.49 lacs,4.99 lacs,1.49 lacs,4.99 lacs,1.49 lacs,4.99 lacs
Burkina Faso,BFA,,2.58 lacs,0.86 lacs,2.58 lacs,0.86 lacs,2.58 lacs,0.86 lacs,2.58 lacs,0.86 lacs,2.58 lacs,0.86 lacs,2.58 lacs,0.86 lacs,2.58 lacs,0.86 lacs,2.58 lacs,0.86 lacs,2.58 lacs,0.86 lacs,2.58 lacs,0.86 lacs,2.58 lacs,0.86 lacs,2.58 lacs,0.86 lacs,2.58 lacs,0.86 lacs,2.58 lacs,0.86 lacs,2.58 lacs,0.86 lacs
Bangladesh,BGD,,2.2 lacs,11.52 lacs,2.2 lacs,11.52 lacs,2.2 lacs,11.52 lacs,2.2 lacs,11.52 lacs,2.2 lacs,11.52 lacs,2.2 lacs,11.52 lacs,2.2 lacs,11.52 lacs,2.2 lacs,11.52 lacs,2.2 lacs,11.52 lacs,2.2 lacs,11.52 lacs,2.2 lacs,11.52 lacs,2.2 lacs,11.52 lacs,2.2 lacs,11.52 lacs,2.2 lacs,11.52 lacs,2.2 lacs,11.52 lacs
Bulgaria,BGR,,11.1 lacs,3.24 lacs,11.1 lacs,3.24 lacs,11.1 lacs,3.24 lacs,11.1 lacs,3.24 lacs,11.1 lacs,3.24 lacs,11.1 lacs,3.24 lacs,11.1 lacs,3.24 lacs,11.1 lacs,3.24 lacs,11.1 lacs,3.24 lacs,11.1 lacs,3.24 lacs,11.1 lacs,3.24 lacs,11.1 lacs,3.24 lacs,11.1 lacs,3.24 lacs,11.1 lacs,3.24 lacs,11.1 lacs,3.24 lacs
Bahrain,BHR,,1.01 lacs,4.29 lacs,1.01 lacs,4.29 lacs,1.01 lacs,4.29 lacs,1.01 lacs,4.29 lacs,1.01 lacs,4.29 lacs,1.01 lacs,4.29 lacs,1.01 lacs,4.29 lacs,1.01 lacs,4.29 lacs,1.01 lacs,4.29 lacs,1.01 lacs,4.29 lacs,1.01 lacs,4.29 lacs,1.01 lacs,4.29 lacs,1.01 lacs,4.29 lacs,1.01 lacs,4.29 lacs,1.01 lacs,4.29 lacs
"Bahamas, The",BHS,,12.17 lacs,26.3 lacs,12.17 lacs,26.3 lacs,12.17 lacs,26.3 lacs,12.17 lacs,26.3 lacs,12.17 lacs,26.3 lacs,12.17 lacs,26.3 lacs,12.17 lacs,26.3 lacs,12.17 lacs,26.3 lacs,12.17 lacs,26.3 lacs,12.17 lacs,26.3 lacs,12.17 lacs,26.3 lacs,12.17 lacs,26.3 lacs,12.17 lacs,26.3 lacs,12.17 lacs,26.3 lacs,12.17 lacs,26.3 lacs
Bosnia and Herzegovina,BIH,,17.55 lacs,3.54 lacs,17.55 lacs,3.54 lacs,17.55 lacs,3.54 lacs,17.55 lacs,3.54 lacs,17.55 lacs,3.54 lacs,17.55 lacs,3.54 lacs,17.55 lacs,3.54 lacs,17.55 lacs,3.54 lacs,17.55 lacs,3.54 lacs,17.55 lacs,3.54 lacs,17.55 lacs,3.54 lacs,17.55 lacs,3.54 lacs,17.55 lacs,3.54 lacs,17.55 lacs,3.54 lacs,17.55 lacs,3.54 lacs
Belarus,BLR,,0.6 lacs,6.16 lacs,0.6 lacs,6.16 lacs,0.6 lacs,6.16 lacs,0.6 lacs,6.16 lacs,0.6 lacs,6.16 lacs,0.6 lacs,6.16 lacs,0.6 lacs,6.16 lacs,0.6 lacs,6.16 lacs,0.6 lacs,6.16 lacs,0.6 lacs,6.16 lacs,0.6 lacs,6.16 lacs,0.6 lacs,6.16 lacs,0.6 lacs,6.16 lacs,0.6 lacs,6.16 lacs,0.6 lacs,6.16 lacs
Belize,BLZ,,9.7 lacs,0.66 lacs,9.7 lacs,0.66 lacs,9.7 lacs,0.66 lacs,9.7 lacs,0.66 lacs,9.7 lacs,0.66 lacs,9.7 lacs,0.66 lacs,9.7 lacs,0.66 lacs,9.7 lacs,0.66 lacs,9.7 lacs,0.66 lacs,9.7 lacs,0.66 lacs,9.7 lacs,0.66 lacs,9.7 lacs,0.66 lacs,9.7 lacs,0.66 lacs,9.7 lacs,0.66 lacs,9.7 lacs,0.66 lacs
Bolivia,BOL,,2.96 lacs,12.14 lacs,2.96 lacs,12.14 lacs,2.96 lacs,12.14 lacs,2.96 lacs,12.14 lacs,2.96 lacs,12.14 lacs,2.96 lacs,12.14 lacs,2.96 lacs,12.14 lacs,2.96 lacs,12.14 lacs,2.96 lacs,12.14 lacs,2.96 lacs,12.14 lacs,2.96 lacs,12.14 lacs,2.96 lacs,12.14 lacs,2.96 lacs,12.14 lacs,2.96 lacs,12.14 lacs,2.96 lacs,12.14 lacs
Brazil,BRA,,6.31 lacs,25.59 lacs,6.31 lacs,25.59 lacs,6.31 lacs,25.59 lacs,6.31 lacs,25.59 lacs,6.31 lacs,25.59 lacs,6.31 lacs,25.59 lacs,6.31 lacs,25.59 lacs,6.31 lacs,25.59 lacs,6.31 lacs,25.59 lacs,6.31 lacs,25.59 lacs,6.31 lacs,25.59 lacs,6.31 lacs,25.59 lacs,6.31 lacs,25.59 lacs,6.31 lacs,25.59 lacs,6.31 lacs,25.59 lacs
Barbados,BRB,,22.67 lacs,6.42 lacs,22.67 lacs,6.42 lacs,22.67 lacs,6.42 lacs,22.67 lacs,6.42 lacs,22.67 lacs,6.42 lacs,22.67 lacs,6.42 lacs,22.67 lacs,6.42 lacs,22.67 lacs,6.42 lacs,22.67 lacs,6.42 lacs,22.67 lacs,6.42 lacs,22.67 lacs,6.42 lacs,22.67 lacs,6.42 lacs,22.67 lacs,6.42 lacs,22.67 lacs,6.42 lacs,22.67 lacs,6.42 lacs
Brunei Darussalam,BRN,,4.7 lacs,2.76 lacs,4.7 lacs,2.76 lacs,4.7 lacs,2.76 lacs,4.7 lacs,2.76 lacs,4.7 lacs,2.76 lacs,4.7 lacs,2.76 lacs,4.7 lacs,2.76 lacs,4.7 lacs,2.76 lacs,4.7 lacs,2.76 lacs,4.7 lacs,2.76 lacs,4.7 lacs,2.76 lacs,4.7 lacs,2.76 lacs,4.7 lacs,2.76 lacs,4.7 lacs,2.76 lacs,4.7 lacs,2.76 lacs
Bhutan,BTN,,1.41 lacs,9.92 lacs,1.41 lacs,9.92 lacs,1.41 lacs,9.92 lacs,1.41 lacs,9.92 lacs,1.41 lacs,9.92 lacs,1.41 lacs,9.92 lacs,1.41 lacs,9.92 lacs,1.41 lacs,9.92 lacs,1.41 lacs,9.92 lacs,1.41 lacs,9.92 lacs,1.41 lacs,9.92 lacs,1.41 lacs,9.92 lacs,1.41 lacs,9.92 lacs,1.41 lacs,9.92 lacs,1.41 lacs,9.92 lacs
Botswana,BWA,,13.82 lacs,9.6 lacs,13.82 lacs,9.6 lacs,13.82 lacs,9.6 lacs,13.82 lacs,9.6 lacs,13.82 lacs,9.6 lacs,13.82 lacs,9.6 lacs,13.82 lacs,9.6 lacs,13.82 lacs,9.6 lacs,13.82 lacs,9.6 lacs,13.82 lacs,9.6 lacs,13.82 lacs,9.6 lacs,13.82 lacs,9.6 lacs,13.82 lacs,9.6 lacs,13.82 lacs,9.6 lacs,13.82 lacs,9.6 lacs
Central African Republic,CAF,,5.62 lacs,5.71 lacs,5.62 lacs,5.71 lacs,5.62 lacs,5.71 lacs,5.62 lacs,5.71 lacs,5.62 lacs,5.71 lacs,5.62 lacs,5.71 lacs,5.62 lacs,5.71 lacs,5.62 lacs,5.71 lacs,5.62 lacs,5.71 lacs,5.62 lacs,5.71 lacs,5.62 lacs,5.71 lacs,5.62 lacs,5.71 lacs,5.62 lacs,5.71 lacs,5.62 lacs,5.71 lacs,5.62 lacs,5.71 lacs
Canada,CAN,,10.32 lacs,3.71 lacs,10.32 lacs,3.71 lacs,10.32 lacs,3.71 lacs,10.32 lacs,3.71 lacs,10.32 lacs,3.71 lacs,10.32 lacs,3.71 lacs,10.32 lacs,3.71 lacs,10.32 lacs,3.71 lacs,10.32 lacs,3.71 lacs,10.32 lacs,3.71 lacs,10.32 lacs,3.71 lacs,10.32 lacs,3.71 lacs,10.32 lacs,3.71 lacs,10.32 lacs,3.71 lacs,10.32 lacs,3.71 lacs
Central Europe and the Baltics,CEB,,9.25 lacs,7.88 lacs,9.25 lacs,7.88 lacs,9.25 lacs,7.88 lacs,9.25 lacs,7.88 lacs,9.25 lacs,7.88 lacs,9.25 lacs,7.88 lacs,9.25 lacs,7.88 lacs,9.25 lacs,7.88 lacs,9.25 lacs,7.88 lacs,9.25 lacs,7.88 lacs,9.25 lacs,7.88 lacs,9.25 lacs,7.88 lacs,9.25 lacs,7.88 lacs,9.25 lacs,7.88 lacs,9.25 lacs,7.88 lacs
Switzerland,CHE,,1.78 lacs,19.21 lacs,1.78 lacs,19.21 lacs,1.78 lacs,19.21 lacs,1.78 lacs,19.21 lacs,1.78 lacs,19.21 lacs,1.78 lacs,19.21 lacs,1.78 lacs,19.21 lacs,1.78 lacs,19.21 lacs,1.78 lacs,19.21 lacs,1.78 lacs,19.21 lacs,1.78 lacs,19.21 lacs,1.78 lacs,19.21 lacs,1.78 lacs,19.21 lacs,1.78 lacs,19.21 lacs,1.78 lacs,19.21 lacs
Channel Islands,CHI,,5.96 lacs,18.46 lacs,5.96 lacs,18.46 lacs,5.96 lacs,18.46 lacs,5.96 lacs,18.46 lacs,5.96 lacs,18.46 lacs,5.96 lacs,18.46 lacs,5.96 lacs,18.46 lacs,5.96 lacs,18.46 lacs,5.96 lacs,18.46 lacs,5.96 lacs,18.46 lacs,5.96 lacs,18.46 lacs,5.96 lacs,18.46 lacs,5.96 lacs,18.46 lacs,5.96 lacs,18.46 lacs,5.96 lacs,18.46 lacs
Chile,CHL,,5.23 lacs,1.35 lacs,5.23 lacs,1.35 lacs,5.23 lacs,1.35 lacs,5.23 lacs,1.35 lacs,5.23 lacs,1.35 lacs,5.23 lacs,1.35 lacs,5.23 lacs,1.35 lacs,5.23 lacs,1.35 lacs,5.23 lacs,1.35 lacs,5.23 lacs,1.35 lacs,5.23 lacs,1.35 lacs,5.23 lacs,1.35 lacs,5.23 lacs,1.35 lacs,5.23 lacs,1.35 lacs,5.23 lacs,1.35 lacs
China,CHN,,2.37 lacs,4.09 lacs,2.37 lacs,4.09 lacs,2.37 lacs,4.09 lacs,2.37 lacs,4.09 lacs,2.37 lacs,4.09 lacs,2.37 lacs,4.09 lacs,2.37 lacs,4.09 lacs,2.37 lacs,4.09 lacs,2.37 lacs,4.09 lacs,2.37 lacs,4.09 lacs,2.37 lacs,4.09 lacs,2.37 lacs,4.09 lacs,2.37 lacs,4.09 lacs,2.37 lacs,4.09 lacs,2.37 lacs,4.09 lacs
Cote d'Ivoire,CIV,,6.61 lacs,6.97 lacs,6.61 lacs,6.97 lacs,6.61 lacs,6.97 lacs,6.61 lacs,6.97 lacs,6.61 lacs,6.97 lacs,6.61 lacs,6.97 lacs,6.61 lacs,6.97 lacs,6.61 lacs,6.97 lacs,6.61 lacs,6.97 lacs,6.61 lacs,6.97 lacs,6.61 lacs,6.97 lacs,6.61 lacs,6.97 lacs,6.61 lacs,6.97 lacs,6.61 lacs,6.97 lacs,6.61 lacs,6.97 lacs
Cameroon,CMR,,7.5 lacs,5.56 lacs,7.5 lacs,5.56 lacs,7.5 lacs,5.56 lacs,7.5 lacs,5.56 lacs,7.5 lacs,5.56 lacs,7.5 lacs,5.56 lacs,7.5 lacs,5.56 lacs,7.5 lacs,5.56 lacs,7.5 lacs,5.56 lacs,7.5 lacs,5.56 lacs,7.5 lacs,5.56 lacs,7.5 lacs,5.56 lacs,7.5 lacs,5.56 lacs,7.5 lacs,5.56 lacs,7.5 lacs,5.56 lacs
"Congo, Dem. Rep.",COD,,2.93 lacs,5.91 lacs,2.93 lacs,5.91 lacs,2.93 lacs,5.91 lacs,2.93 lacs,5.91 lacs,2.93 lacs,5.91 lacs,2.93 lacs,5.91 lacs,2.93 lacs,5.91 lacs,2.93 lacs,5.91 lacs,2.93 lacs,5.91 lacs,2.93 lacs,5.91 lacs,2.93 lacs,5.91 lacs,2.93 lacs,5.91 lacs,2.93 lacs,5.91 lacs,2.93 lacs,5.91 lacs,2.93 lacs,5.91 lacs
"Congo, Rep.",COG,,20.07 lacs,1.71 lacs,20.07 lacs,1.71 lacs,20.07 lacs,1.71 lacs,20.07 lacs,1.71 lacs,20.07 lacs,1.71 lacs,20.07 lacs,1.71 lacs,20.07 lacs,1.71 lacs,20.07 lacs,1.71 lacs,20.07 lacs,1.71 lacs,20.07 lacs,1.71 lacs,20.07 lacs,1.71 lacs,20.07 lacs,1.71 lacs,20.07 lacs,,20.07 lacs,1.71 lacs,20.07 lacs,1.71 lacs
Colombia,COL,,10.12 lacs,10.67 lacs,10.12 lacs,10.67 lacs,10.12 lacs,10.67 lacs,10.12 lacs,10.67 lacs,10.12 lacs,10.67 lacs,10.12 lacs,10.67 lacs,10.12 lacs,10.67 lacs,10.12 lacs,10.67 lacs,10.12 lacs,10.67 lacs,10.12 lacs,10.67 lacs,10.12 lacs,10.67 lacs,10.12 lacs,10.67 lacs,10.12 lacs,10.67 lacs,10.12 lacs,10.67 lacs,10.12 lacs,10.67 lacs
Comoros,COM,,5.11 lacs,7.27 lacs,5.11 lacs,7.27 lacs,5.11 lacs,7.27 lacs,5.11 lacs,7.27 lacs,5.11 lacs,7.27 lacs,5.11 lacs,7.27 lacs,5.11 lacs,7.27 lacs,5.11 lacs,7.27 lacs,5.11 lacs,7.27 lacs,5.11 lacs,7.27 lacs,5.11 lacs,7.27 lacs,5.11 lacs,7.27 lacs,5.11 lacs,7.27 lacs,5.11 lacs,7.27 lacs,5.11 lacs,
Cabo Verde,CPV,,11.27 lacs,4.01 lacs,11.27 lacs,4.01 lacs,11.27 lacs,4.01 lacs,11.27 lacs,4.01 lacs,11.27 lacs,4.01 lacs,11.27 lacs,4.01 lacs,11.27 lacs,4.01 lacs,11.27 lacs,4.01 lacs,11.27 lacs,4.01 lacs,11.27 lacs,,11.27 lacs,4.01 lacs,11.27 lacs,,11.27 lacs,4.01 lacs,11.27 lacs,,11.27 lacs,4.01 lacs
Costa Rica,CRI,,5.37 lacs,12.3 lacs,5.37 lacs,12.3 lacs,5.37 lacs,12.3 lacs,5.37 lacs,12.3 lacs,5.37 lacs,12.3 lacs,5.37 lacs,12.3 lacs,5.37 lacs,12.3 lacs,5.37 lacs,12.3 lacs,5.37 lacs,12.3 lacs,5.37 lacs,12.3 lacs,5.37 lacs,12.3 lacs,5.37 lacs,12.3 lacs,5.37 lacs,12.3 lacs,5.37 lacs,12.3 lacs,5.37 lacs,12.3 lacs
Caribbean small states,CSS,,16.05 lacs,0.66 lacs,16.05 lacs,0.66 lacs,16.05 lacs,0.66 lacs,16.05 lacs,0.66 lacs,16.05 lacs,0.66 lacs,16.05 lacs,0.66 lacs,16.05 lacs,0.66 lacs,16.05 lacs,0.66 lacs,16.05 lacs,0.66 lacs,16.05 lacs,0.66 lacs,16.05 lacs,0.66 lacs,16.05 lacs,0.66 lacs,16.05 lacs,0.66 lacs,16.05 lacs,0.66 lacs,16.05 lacs,0.66 lacs
Cuba,CUB,,7.9 lacs,3.76 lacs,7.9 lacs,3.76 lacs,7.9 lacs,3.76 lacs,7.9 lacs,3.76 lacs,7.9 lacs,3.76 lacs,7.9 lacs,3.76 lacs,7.9 lacs,3.76 lacs,7.9 lacs,3.76 lacs,7.9 lacs,3.76 lacs,7.9 lacs,3.76 lacs,7.9 lacs,3.76 lacs,7.9 lacs,3.76 lacs,7.9 lacs,3.76 lacs,7.9 lacs,3.76 lacs,,3.76 lacs
Cyprus,CYP,,3 lacs,4.72 lacs,3 lacs,4.72 lacs,3 lacs,4.72 lacs,3 lacs,4.72 lacs,3 lacs,4.72 lacs,3 lacs,4.72 lacs,3 lacs,4.72 lacs,3 lacs,4.72 lacs,3 lacs,4.72 lacs,3 lacs,4.72 lacs,3 lacs,4.72 lacs,3 lacs,4.72 lacs,3 lacs,4.72 lacs,3 lacs,4.72 lacs,3 lacs,4.72 lacs
Czech Republic,CZE,,2.27 lacs,3.75 lacs,2.27 lacs,3.75 lacs,2.27 lacs,3.75 lacs,2.27 lacs,3.75 lacs,2.27 lacs,3.75 lacs,2.27 lacs,3.75 lacs,2.27 lacs,3.75 lacs,2.27 lacs,3.75 lacs,2.27 lacs,3.75 lacs,2.27 lacs,3.75 lacs,2.27 lacs,3.75 lacs,2.27 lacs,3.75 lacs,2.27 lacs,3.75 lacs,2.27 lacs,3.75 lacs,2.27 lacs,3.75 lacs
Germany,DEU,,5.32 lacs,2.49 lacs,5.32 lacs,2.49 lacs,5.32 lacs,2.49 lacs,5.32 lacs,2.49 lacs,5.32 lacs,2.49 lacs,5.32 lacs,2.49 lacs,5.32 lacs,2.49 lacs,5.32 lacs,2.49 lacs,5.32 lacs,2.49 lacs,5.32 lacs,2.49 lacs,5.32 lacs,2.49 lacs,5.32 lacs,2.49 lacs,5.32 lacs,2.49 lacs,5.32 lacs,2.49 lacs,5.32 lacs,2.49 lacs
Djibouti,DJI,,29.36 lacs,13.65 lacs,29.36 lacs,13.65 lacs,29.36 lacs,13.65 lacs,29.36 lacs,13.65 lacs,29.36 lacs,13.65 lacs,29.36 lacs,13.65 lacs,29.36 lacs,13.65 lacs,29.36 lacs,13.65 lacs,29.36 lacs,13.65 lacs,29.36 lacs,13.65 lacs,29.36 lacs,13.65 lacs,29.36 lacs,13.65 lacs,29.36 lacs,13.65 lacs,29.36 lacs,13.65 lacs,29.36 lacs,13.65 lacs
Denmark,DNK,,9.1 lacs,5.18 lacs,9.1 lacs,5.18 lacs,9.1 lacs,5.18 lacs,9.1 lacs,5.18 lacs,9.1 lacs,5.18 lacs,9.1 lacs,5.18 lacs,9.1 lacs,5.18 lacs,9.1 lacs,5.18 lacs,9.1 lacs,5.18 lacs,9.1 lacs,5.18 lacs,9.1 lacs,5.18 lacs,9.1 lacs,5.18 lacs,9.1 lacs,5.18 lacs,9.1 lacs,5.18 lacs,9.1 lacs,5.18 lacs
Dominican Republic,DOM,,6.35 lacs,16.93 lacs,6.35 lacs,16.93 lacs,6.35 lacs,16.93 lacs,6.35 lacs,16.93 lacs,6.35 lacs,16.93 lacs,6.35 lacs,16.93 lacs,6.35 lacs,16.93 lacs,6.35 lacs,16.93 lacs,6.35 lacs,16.93 lacs,6.35 lacs,16.93 lacs,6.35 lacs,16.93 lacs,6.35 lacs,16.93 lacs,6.35 lacs,16.93 lacs,6.35 lacs,16.93 lacs,6.35 lacs,16.93 lacs
Algeria,DZA,,20.6 lacs,2.31 lacs,20.6 lacs,2.31 lacs,20.6 lacs,2.31 lacs,20.6 lacs,2.31 lacs,20.6 lacs,2.31 lacs,20.6 lacs,2.31 lacs,20.6 lacs,2.31 lacs,20.6 lacs,2.31 lacs,20.6 lacs,2.31 lacs,20.6 lacs,2.31 lacs,20.6 lacs,2.31 lacs,20.6 lacs,2.31 lacs,20.6 lacs,2.31 lacs,20.6 lacs,2.31 lacs,20.6 lacs,2.31 lacs
East Asia & Pacific (excluding high income),EAP,,2.4 lacs,3.98 lacs,2.4 lacs,3.98 lacs,2.4 lacs,3.98 lacs,2.4 lacs,3.98 lacs,2.4 lacs,3.98 lacs,2.4 lacs,3.98 lacs,2.4 lacs,3.98 lacs,2.4 lacs,3.98 lacs,2.4 lacs,3.98 lacs,2.4 lacs,3.98 lacs,2.4 lacs,3.98 lacs,2.4 lacs,3.98 lacs,2.4 lacs,3.98 lacs,2.4 lacs,3.98 lacs,2.4 lacs,3.98 lacs
Early-demographic dividend,EAR,,5.36 lacs,4.98 lacs,5.36 lacs,4.98 lacs,5.36 lacs,4.98 lacs,5.36 lacs,4.98 lacs,5.36 lacs,4.98 lacs,5.36 lacs,4.98 lacs,5.36 lacs,4.98 lacs,5.36 lacs,4.98 lacs,5.36 lacs,4.98 lacs,5.36 lacs,4.98 lacs,5.36 lacs,4.98 lacs,5.36 lacs,4.98 lacs,5.36 lacs,4.98 lacs,5.36 lacs,4.98 lacs,5.36 lacs,4.98 lacs
East Asia & Pacific,EAS,,2.45 lacs,11.31 lacs,2.45 lacs,11.31 lacs,2.45 lacs,11.31 lacs,2.45 lacs,11.31 lacs,2.45 lacs,11.31 lacs,2.45 lacs,11.31 lacs,2.45 lacs,11.31 lacs,2.45 lacs,11.31 lacs,2.45 lacs,11.31 lacs,2.45 lacs,11.31 lacs,2.45 lacs,11.31 lacs,2.45 lacs,11.31 lacs,2.45 lacs,11.31 lacs,2.45 lacs,11.31 lacs,2.45 lacs,11.31 lacs
Europe & Central Asia (excluding high income),ECA,,4.99 lacs,2.66 lacs,4.99 lacs,2.66 lacs,4.99 lacs,2.66 lacs,4.99 lacs,2.66 lacs,4.99 lacs,2.66 lacs,4.99 lacs,2.66 lacs,4.99 lacs,2.66 lacs,4.99 lacs,2.66 lacs,4.99 lacs,2.66 lacs,4.99 lacs,2.66 lacs,4.99 lacs,2.66 lacs,4.99 lacs,2.66 lacs,4.99 lacs,2.66 lacs,4.99 lacs,2.66 lacs,4.99 lacs,2.66 lacs
Europe & Central Asia,ECS,,6.91 lacs,6.92 lacs,6.91 lacs,6.92 lacs,6.91 lacs,6.92 lacs,6.91 lacs,6.92 lacs,6.91 lacs,6.92 lacs,6.91 lacs,6.92 lacs,6.91 lacs,6.92 lacs,6.91 lacs,6.92 lacs,6.91 lacs,6.92 lacs,6.91 lacs,6.92 lacs,6.91 lacs,6.92 lacs,6.91 lacs,6.92 lacs,6.91 lacs,6.92 lacs,6.91 lacs,6.92 lacs,6.91 lacs,6.92 lacs
Ecuador,ECU,,4.37 lacs,12.2 lacs,4.37 lacs,12.2 lacs,4.37 lacs,12.2 lacs,4.37 lacs,12.2 lacs,4.37 lacs,12.2 lacs,4.37 lacs,12.2 lacs,4.37 lacs,12.2 lacs,4.37 lacs,12.2 lacs,4.37 lacs,12.2 lacs,4.37 lacs,12.2 lacs,4.37 lacs,12.2 lacs,4.37 lacs,12.2 lacs,4.37 lacs,12.2 lacs,4.37 lacs,12.2 lacs,4.37 lacs,12.2 lacs
"Egypt, Arab Rep.",EGY,,9.38 lacs,0.81 lacs,9.38 lacs,0.81 lacs,9.38 lacs,0.81 lacs,9.38 lacs,0.81 lacs,9.38 lacs,0.81 lacs,9.38 lacs,0.81 lacs,9.38 lacs,0.81 lacs,9.38 lacs,0.81 lacs,9.38 lacs,0.81 lacs,9.38 lacs,0.81 lacs,9.38 lacs,0.81 lacs,9.38 lacs,0.81 lacs,9.38 lacs,0.81 lacs,9.38 lacs,0.81 lacs,9.38 lacs,
Euro area,EMU,,8.25 lacs,8.26 lacs,8.25 lacs,8.26 lacs,8.25 lacs,8.26 lacs,8.25 lacs,8.26 lacs,8.25 lacs,8.26 lacs,8.25 lacs,8.26 lacs,8.25 lacs,8.26 lacs,8.25 lacs,8.26 lacs,8.25 lacs,8.26 lacs,8.25 lacs,8.26 lacs,8.25 lacs,8.26 lacs,8.25 lacs,8.26 lacs,8.25 lacs,8.26 lacs,8.25 lacs,8.26 lacs,8.25 lacs,8.26 lacs
Eritrea,ERI,,5.32 lacs,5.18 lacs,5.32 lacs,5.18 lacs,5.32 lacs,5.18 lacs,5.32 lacs,5.18 lacs,5.32 lacs,5.18 lacs,5.32 lacs,5.18 lacs,5.32 lacs,5.18 lacs,5.32 lacs,5.18 lacs,5.32 lacs,5.18 lacs,5.32 lacs,5.18 lacs,5.32 lacs,5.18 lacs,5.32 lacs,5.18 lacs,5.32 lacs,5.18 lacs,5.32 lacs,5.18 lacs,5.32 lacs,5.18 lacs
Spain,ESP,,15.93 lacs,0.34 lacs,15.93 lacs,0.34 lacs,15.93 lacs,0.34 lacs,15.93 lacs,0.34 lacs,15.93 lacs,0.34 lacs,15.93 lacs,0.34 lacs,15.93 lacs,0.34 lacs,15.93 lacs,0.34 lacs,15.93 lacs,0.34 lacs,15.93 lacs,0.34 lacs,15.93 lacs,0.34 lacs,15.93 lacs,0.34 lacs,15.93 lacs,0.34 lacs,15.93 lacs,0.34 lacs,15.93 lacs,0.34 lacs
Estonia,EST,,1.47 lacs,5.12 lacs,1.47 lacs,5.12 lacs,1.47 lacs,5.12 lacs,1.47 lacs,5.12 lacs,1.47 lacs,5.12 lacs,1.47 lacs,5.12 lacs,1.47 lacs,5.12 lacs,1.47 lacs,5.12 lacs,1.47 lacs,5.12 lacs,1.47 lacs,5.12 lacs,1.47 lacs,5.12 lacs,1.47 lacs,5.12 lacs,1.47 lacs,5.12 lacs,1.47 lacs,5.12 lacs,1.47 lacs,5.12 lacs
Ethiopia,ETH,,3.08 lacs,7.2 lacs,3.08 lacs,7.2 lacs,3.08 lacs,7.2 lacs,3.08 lacs,7.2 lacs,3.08 lacs,7.2 lacs,3.08 lacs,7.2 lacs,3.08 lacs,7.2 lacs,3.08 lacs,7.2 lacs,3.08 lacs,7.2 lacs,3.08 lacs,7.2 lacs,3.08 lacs,7.2 lacs,3.08 lacs,7.2 lacs,3.08 lacs,7.2 lacs,3.08 lacs,7.2 lacs,3.08 lacs,7.2 lacs
European Union,EUU,,8.5 lacs,15.56 lacs,8.5 lacs,15.56 lacs,8.5 lacs,15.56 lacs,8.5 lacs,15.56 lacs,8.5 lacs,15.56 lacs,8.5 lacs,15.56 lacs,8.5 lacs,15.56 lacs,8.5 lacs,15.56 lacs,8.5 lacs,15.56 lacs,8.5 lacs,15.56 lacs,8.5 lacs,15.56 lacs,8.5 lacs,15.56 lacs,8.5 lacs,15.56 lacs,8.5 lacs,15.56 lacs,8.5 lacs,15.56 lacs
Fragile and conflict affected situations,FCS,,4.58 lacs,5.59 lacs,4.58 lacs,5.59 lacs,4.58 lacs,5.59 lacs,4.58 lacs,5.59 lacs,4.58 lacs,5.59 lacs,4.58 lacs,5.59 lacs,4.58 lacs,5.59 lacs,4.58 lacs,5.59 lacs,4.58 lacs,5.59 lacs,4.58 lacs,5.59 lacs,4.58 lacs,5.59 lacs,4.58 lacs,5.59 lacs,4.58 lacs,5.59 lacs,4.58 lacs,5.59 lacs,4.58 lacs,5.59 lacs
Finland,FIN,,6.5 lacs,3.09 lacs,6.5 lacs,3.09 lacs,6.5 lacs,3.09 lacs,6.5 lacs,3.09 lacs,6.5 lacs,3.09 lacs,6.5 lacs,3.09 lacs,6.5 lacs,3.09 lacs,6.5 lacs,3.09 lacs,6.5 lacs,3.09 lacs,6.5 lacs,3.09 lacs,6.5 lacs,3.09 lacs,6.5 lacs,3.09 lacs,6.5 lacs,3.09 lacs,6.5 lacs,3.09 lacs,6.5 lacs,3.09 lacs
Fiji,FJI,,4.06 lacs,1.25 lacs,4.06 lacs,1.25 lacs,4.06 lacs,1.25 lacs,4.06 lacs,1.25 lacs,4.06 lacs,1.25 lacs,4.06 lacs,1.25 lacs,4.06 lacs,1.25 lacs,4.06 lacs,1.25 lacs,4.06 lacs,1.25 lacs,4.06 lacs,1.25 lacs,4.06 lacs,1.25 lacs,4.06 lacs,1.25 lacs,4.06 lacs,1.25 lacs,4.06 lacs,1.25 lacs,4.06 lacs,1.25 lacs
France,FRA,,9.13 lacs,3.51 lacs,9.13 lacs,3.51 lacs,9.13 lacs,3.51 lacs,9.13 lacs,3.51 lacs,9.13 lacs,3.51 lacs,9.13 lacs,3.51 lacs,9.13 lacs,3.51 lacs,9.13 lacs,3.51 lacs,9.13 lacs,3.51 lacs,9.13 lacs,3.51 lacs,9.13 lacs,3.51 lacs,9.13 lacs,3.51 lacs,9.13 lacs,3.51 lacs,9.13 lacs,3.51 lacs,9.13 lacs,3.51 lacs
Gabon,GAB,,17.78 lacs,7.88 lacs,17.78 lacs,7.88 lacs,17.78 lacs,7.88 lacs,17.78 lacs,7.88 lacs,17.78 lacs,7.88 lacs,17.78 lacs,7.88 lacs,17.78 lacs,7.88 lacs,17.78 lacs,7.88 lacs,17.78 lacs,7.88 lacs,17.78 lacs,7.88 lacs,17.78 lacs,7.88 lacs,17.78 lacs,7.88 lacs,17.78 lacs,7.88 lacs,17.78 lacs,7.88 lacs,17.78 lacs,7.88 lacs
United Kingdom,GBR,,8.55 lacs,19.27 lacs,8.55 lacs,19.27 lacs,8.55 lacs,19.27 lacs,8.55 lacs,19.27 lacs,8.55 lacs,19.27 lacs,8.55 lacs,19.27 lacs,8.55 lacs,19.27 lacs,8.55 lacs,19.27 lacs,8.55 lacs,19.27 lacs,8.55 lacs,19.27 lacs,8.55 lacs,19.27 lacs,8.55 lacs,19.27 lacs,8.55 lacs,19.27 lacs,8.55 lacs,19.27 lacs,8.55 lacs,19.27 lacs
Georgia,GEO,,2.7 lacs,12.94 lacs,2.7 lacs,12.94 lacs,2.7 lacs,12.94 lacs,2.7 lacs,12.94 lacs,2.7 lacs,12.94 lacs,2.7 lacs,12.94 lacs,2.7 lacs,12.94 lacs,2.7 lacs,12.94 lacs,2.7 lacs,12.94 lacs,2.7 lacs,12.94 lacs,2.7 lacs,12.94 lacs,2.7 lacs,12.94 lacs,2.7 lacs,12.94 lacs,2.7 lacs,12.94 lacs,2.7 lacs,12.94 lacs
Ghana,GHA,,3.49 lacs,6.58 lacs,3.49 lacs,6.58 lacs,3.49 lacs,6.58 lacs,3.49 lacs,6.58 lacs,3.49 lacs,6.58 lacs,3.49 lacs,6.58 lacs,3.49 lacs,6.58 lacs,3.49 lacs,6.58 lacs,3.49 lacs,6.58 lacs,3.49 lacs,6.58 lacs,3.49 lacs,6.58 lacs,3.49 lacs,6.58 lacs,3.49 lacs,6.58 lacs,3.49 lacs,6.58 lacs,3.49 lacs,6.58 lacs
Guinea,GIN,,4.45 lacs,11.95 lacs,4.45 lacs,11.95 lacs,4.45 lacs,11.95 lacs,4.45 lacs,11.95 lacs,4.45 lacs,11.95 lacs,4.45 lacs,11.95 lacs,4.45 lacs,11.95 lacs,4.45 lacs,11.95 lacs,4.45 lacs,11.95 lacs,4.45 lacs,11.95 lacs,4.45 lacs,11.95 lacs,4.45 lacs,11.95 lacs,4.45 lacs,11.95 lacs,4.45 lacs,,4.45 lacs,11.95 lacs
"Gambia, The",GMB,,8.83 lacs,6.58 lacs,8.83 lacs,6.58 lacs,8.83 lacs,6.58 lacs,8.83 lacs,6.58 lacs,8.83 lacs,6.58 lacs,8.83 lacs,6.58 lacs,8.83 lacs,6.58 lacs,8.83 lacs,6.58 lacs,8.83 lacs,6.58 lacs,8.83 lacs,6.58 lacs,8.83 lacs,6.58 lacs,8.83 lacs,6.58 lacs,8.83 lacs,6.58 lacs,8.83 lacs,6.58 lacs,8.83 lacs,6.58 lacs
Guinea-Bissau,GNB,,6.19 lacs,12.77 lacs,6.19 lacs,12.77 lacs,6.19 lacs,12.77 lacs,6.19 lacs,12.77 lacs,6.19 lacs,12.77 lacs,6.19 lacs,12.77 lacs,6.19 lacs,12.77 lacs,6.19 lacs,12.77 lacs,6.19 lacs,12.77 lacs,6.19 lacs,12.77 lacs,6.19 lacs,12.77 lacs,6.19 lacs,12.77 lacs,6.19 lacs,12.77 lacs,6.19 lacs,12.77 lacs,6.19 lacs,12.77 lacs
Equatorial Guinea,GNQ,,8.13 lacs,14.39 lacs,8.13 lacs,14.39 lacs,8.13 lacs,14.39 lacs,8.13 lacs,14.39 lacs,8.13 lacs,14.39 lacs,8.13 lacs,14.39 lacs,8.13 lacs,14.39 lacs,8.13 lacs,14.39 lacs,8.13 lacs,14.39 lacs,8.13 lacs,14.39 lacs,8.13 lacs,14.39 lacs,8.13 lacs,14.39 lacs,8.13 lacs,14.39 lacs,8.13 lacs,14.39 lacs,8.13 lacs,14.39 lacs
Greece,GRC,,7.66 lacs,17.28 lacs,7.66 lacs,17.28 lacs,7.66 lacs,17.28 lacs,7.66 lacs,17.28 lacs,7.66 lacs,17.28 lacs,7.66 lacs,17.28 lacs,7.66 lacs,17.28 lacs,7.66 lacs,17.28 lacs,7.66 lacs,17.28 lacs,7.66 lacs,17.28 lacs,7.66 lacs,17.28 lacs,7.66 lacs,17.28 lacs,7.66 lacs,17.28 lacs,7.66 lacs,17.28 lacs,7.66 lacs,17.28 lacs
Guatemala,GTM,,2.59 lacs,11.87 lacs,2.59 lacs,11.87 lacs,2.59 lacs,11.87 lacs,2.59 lacs,11.87 lacs,2.59 lacs,11.87 lacs,2.59 lacs,11.87 lacs,2.59 lacs,11.87 lacs,2.59 lacs,11.87 lacs,2.59 lacs,11.87 lacs,2.59 lacs,11.87 lacs,2.59 lacs,11.87 lacs,2.59 lacs,11.87 lacs,2.59 lacs,11.87 lacs,2.59 lacs,11.87 lacs,2.59 lacs,11.87 lacs
Guam,GUM,,3.51 lacs,7.68 lacs,3.51 lacs,7.68 lacs,3.51 lacs,7.68 lacs,3.51 lacs,7.68 lacs,3.51 lacs,7.68 lacs,3.51 lacs,7.68 lacs,3.51 lacs,7.68 lacs,3.51 lacs,7.68 lacs,3.51 lacs,7.68 lacs,3.51 lacs,7.68 lacs,3.51 lacs,7.68 lacs,3.51 lacs,7.68 lacs,3.51 lacs,7.68 lacs,3.51 lacs,7.68 lacs,3.51 lacs,7.68 lacs
Guyana,GUY,,11.93 lacs,5.72 lacs,11.93 lacs,5.72 lacs,11.93 lacs,5.72 lacs,11.93 lacs,5.72 lacs,11.93 lacs,5.72 lacs,11.93 lacs,5.72 lacs,11.93 lacs,5.72 lacs,11.93 lacs,5.72 lacs,11.93 lacs,5.72 lacs,11.93 lacs,5.72 lacs,11.93 lacs,5.72 lacs,11.93 lacs,5.72 lacs,11.93 lacs,5.72 lacs,11.93 lacs,5.72 lacs,11.93 lacs,5.72 lacs
High income,HIC,,6.75 lacs,21.76 lacs,6.75 lacs,21.76 lacs,6.75 lacs,21.76 lacs,6.75 lacs,21.76 lacs,6.75 lacs,21.76 lacs,6.75 lacs,21.76 lacs,6.75 lacs,21.76 lacs,6.75 lacs,21.76 lacs,6.75 lacs,21.76 lacs,6.75 lacs,21.76 lacs,6.75 lacs,21.76 lacs,6.75 lacs,21.76 lacs,6.75 lacs,21.76 lacs,6.75 lacs,21.76 lacs,6.75 lacs,21.76 lacs
"Hong Kong SAR, China",HKG,,1.8 lacs,7.03 lacs,1.8 lacs,7.03 lacs,1.8 lacs,7.03 lacs,1.8 lacs,7.03 lacs,1.8 lacs,7.03 lacs,1.8 lacs,7.03 lacs,1.8 lacs,7.03 lacs,1.8 lacs,7.03 lacs,1.8 lacs,7.03 lacs,1.8 lacs,7.03 lacs,1.8 lacs,7.03 lacs,1.8 lacs,7.03 lacs,1.8 lacs,7.03 lacs,1.8 lacs,7.03 lacs,1.8 lacs,7.03 lacs
Honduras,HND,,4.58 lacs,0.68 lacs,4.58 lacs,0.68 lacs,4.58 lacs,0.68 lacs,4.58 lacs,0.68 lacs,4.58 lacs,0.68 lacs,4.58 lacs,0.68 lacs,4.58 lacs,0.68 lacs,4.58 lacs,0.68 lacs,4.58 lacs,0.68 lacs,4.58 lacs,0.68 lacs,4.58 lacs,0.68 lacs,4.58 lacs,0.68 lacs,4.58 lacs,0.68 lacs,4.58 lacs,0.68 lacs,4.58 lacs,0.68 lacs
Heavily indebted poor countries (HIPC),HPC,,4.88 lacs,2.36 lacs,4.88 lacs,2.36 lacs,4.88 lacs,2.36 lacs,4.88 lacs,2.36 lacs,4.88 lacs,2.36 lacs,4.88 lacs,2.36 lacs,4.88 lacs,2.36 lacs,4.88 lacs,2.36 lacs,4.88 lacs,2.36 lacs,4.88 lacs,2.36 lacs,4.88 lacs,2.36 lacs,4.88 lacs,2.36 lacs,4.88 lacs,2.36 lacs,4.88 lacs,2.36 lacs,4.88 lacs,2.36 lacs
Croatia,HRV,,11.14 lacs,6.37 lacs,11.14 lacs,6.37 lacs,11.14 lacs,6.37 lacs,11.14 lacs,6.37 lacs,11.14 lacs,6.37 lacs,11.14 lacs,6.37 lacs,11.14 lacs,6.37 lacs,11.14 lacs,6.37 lacs,11.14 lacs,6.37 lacs,11.14 lacs,6.37 lacs,11.14 lacs,6.37 lacs,11.14 lacs,6.37 lacs,11.14 lacs,6.37 lacs,11.14 lacs,6.37 lacs,11.14 lacs,6.37 lacs
Haiti,HTI,,7.51 lacs,3.71 lacs,7.51 lacs,3.71 lacs,7.51 lacs,3.71 lacs,7.51 lacs,3.71 lacs,7.51 lacs,3.71 lacs,7.51 lacs,3.71 lacs,7.51 lacs,3.71 lacs,7.51 lacs,3.71 lacs,7.51 lacs,3.71 lacs,7.51 lacs,3.71 lacs,7.51 lacs,3.71 lacs,7.51 lacs,3.71 lacs,7.51 lacs,3.71 lacs,7.51 lacs,3.71 lacs,7.51 lacs,3.71 lacs
Hungary,HUN,,8.5 lacs,1.35 lacs,8.5 lacs,1.35 lacs,8.5 lacs,1.35 lacs,8.5 lacs,1.35 lacs,8.5 lacs,1.35 lacs,8.5 lacs,1.35 lacs,8.5 lacs,1.35 lacs,8.5 lacs,1.35 lacs,8.5 lacs,1.35 lacs,8.5 lacs,1.35 lacs,8.5 lacs,1.35 lacs,8.5 lacs,1.35 lacs,8.5 lacs,1.35 lacs,8.5 lacs,1.35 lacs,8.5 lacs,1.35 lacs
IBRD only,IBD,,4.55 lacs,2.1 lacs,4.55 lacs,2.1 lacs,4.55 lacs,2.1 lacs,4.55 lacs,2.1 lacs,4.55 lacs,2.1 lacs,4.55 lacs,2.1 lacs,4.55 lacs,2.1 lacs,4.55 lacs,2.1 lacs,4.55 lacs,2.1 lacs,4.55 lacs,2.1 lacs,4.55 lacs,2.1 lacs,4.55 lacs,2.1 lacs,4.55 lacs,2.1 lacs,4.55 lacs,2.1 lacs,4.55 lacs,2.1 lacs
IDA & IBRD total,IBT,,4.41 lacs,1.5 lacs,4.41 lacs,1.5 lacs,4.41 lacs,1.5 lacs,4.41 lacs,1.5 lacs,4.41 lacs,1.5 lacs,4.41 lacs,1.5 lacs,4.41 lacs,1.5 lacs,4.41 lacs,1.5 lacs,4.41 lacs,1.5 lacs,4.41 lacs,1.5 lacs,4.41 lacs,1.5 lacs,4.41 lacs,1.5 lacs,4.41 lacs,1.5 lacs,4.41 lacs,1.5 lacs,4.41 lacs,1.5 lacs
IDA total,IDA,,3.67 lacs,5.93 lacs,3.67 lacs,5.93 lacs,3.67 lacs,5.93 lacs,3.67 lacs,5.93 lacs,3.67 lacs,5.93 lacs,3.67 lacs,5.93 lacs,3.67 lacs,5.93 lacs,3.67 lacs,5.93 lacs,3.67 lacs,5.93 lacs,3.67 lacs,5.93 lacs,3.67 lacs,5.93 lacs,3.67 lacs,5.93 lacs,3.67 lacs,5.93 lacs,3.67 lacs,5.93 lacs,3.67 lacs,5.93 lacs
IDA blend,IDB,,3.06 lacs,3.53 lacs,3.06 lacs,3.53 lacs,3.06 lacs,3.53 lacs,3.06 lacs,3.53 lacs,3.06 lacs,3.53 lacs,3.06 lacs,3.53 lacs,3.06 lacs,3.53 lacs,3.06 lacs,3.53 lacs,3.06 lacs,3.53 lacs,3.06 lacs,3.53 lacs,3.06 lacs,3.53 lacs,3.06 lacs,3.53 lacs,3.06 lacs,3.53 lacs,3.06 lacs,3.53 lacs,3.06 lacs,3.53 lacs
Indonesia,IDN,,2.62 lacs,12.14 lacs,2.62 lacs,12.14 lacs,2.62 lacs,12.14 lacs,2.62 lacs,12.14 lacs,2.62 lacs,12.14 lacs,2.62 lacs,12.14 lacs,2.62 lacs,12.14 lacs,2.62 lacs,12.14 lacs,2.62 lacs,12.14 lacs,2.62 lacs,12.14 lacs,2.62 lacs,12.14 lacs,2.62 lacs,12.14 lacs,2.62 lacs,12.14 lacs,2.62 lacs,12.14 lacs,2.62 lacs,12.14 lacs
IDA only,IDX,,3.93 lacs,1.38 lacs,3.93 lacs,1.38 lacs,3.93 lacs,1.38 lacs,3.93 lacs,1.38 lacs,3.93 lacs,1.38 lacs,3.93 lacs,1.38 lacs,3.93 lacs,1.38 lacs,3.93 lacs,1.38 lacs,3.93 lacs,1.38 lacs,3.93 lacs,1.38 lacs,3.93 lacs,1.38 lacs,3.93 lacs,1.38 lacs,3.93 lacs,1.38 lacs,3.93 lacs,1.38 lacs,3.93 lacs,1.38 lacs
India,IND,,5.6 lacs,5.12 lacs,5.6 lacs,5.12 lacs,5.6 lacs,5.12 lacs,5.6 lacs,5.12 lacs,5.6 lacs,5.12 lacs,5.6 lacs,5.12 lacs,5.6 lacs,5.12 lacs,5.6 lacs,5.12 lacs,5.6 lacs,5.12 lacs,5.6 lacs,5.12 lacs,5.6 lacs,5.12 lacs,5.6 lacs,5.12 lacs,5.6 lacs,5.12 lacs,5.6 lacs,5.12 lacs,5.6 lacs,5.12 lacs
Ireland,IRL,,15.78 lacs,6.58 lacs,15.78 lacs,6.58 lacs,15.78 lacs,6.58 lacs,15.78 lacs,6.58 lacs,15.78 lacs,6.58 lacs,15.78 lacs,6.58 lacs,15.78 lacs,6.58 lacs,15.78 lacs,6.58 lacs,15.78 lacs,6.58 lacs,15.78 lacs,6.58 lacs,15.78 lacs,6.58 lacs,15.78 lacs,6.58 lacs,15.78 lacs,6.58 lacs,15.78 lacs,6.58 lacs,15.78 lacs,6.58 lacs
"Iran, Islamic Rep.",IRN,,11.1 lacs,19.66 lacs,11.1 lacs,19.66 lacs,11.1 lacs,19.66 lacs,11.1 lacs,19.66 lacs,11.1 lacs,19.66 lacs,11.1 lacs,19.66 lacs,11.1 lacs,19.66 lacs,11.1 lacs,19.66 lacs,11.1 lacs,19.66 lacs,11.1 lacs,19.66 lacs,11.1 lacs,19.66 lacs,11.1 lacs,,11.1 lacs,19.66 lacs,11.1 lacs,19.66 lacs,11.1 lacs,19.66 lacs
Iraq,IRQ,,9.13 lacs,15.58 lacs,9.13 lacs,15.58 lacs,9.13 lacs,15.58 lacs,9.13 lacs,15.58 lacs,9.13 lacs,15.58 lacs,9.13 lacs,15.58 lacs,9.13 lacs,15.58 lacs,9.13 lacs,15.58 lacs,9.13 lacs,15.58 lacs,9.13 lacs,15.58 lacs,9.13 lacs,15.58 lacs,9.13 lacs,15.58 lacs,,15.58 lacs,9.13 lacs,15.58 lacs,9.13 lacs,15.58 lacs
Iceland,ISL,,2.55 lacs,8.51 lacs,2.55 lacs,8.51 lacs,2.55 lacs,8.51 lacs,2.55 lacs,8.51 lacs,2.55 lacs,8.51 lacs,2.55 lacs,8.51 lacs,2.55 lacs,8.51 lacs,2.55 lacs,8.51 lacs,2.55 lacs,8.51 lacs,2.55 lacs,8.51 lacs,2.55 lacs,8.51 lacs,2.55 lacs,8.51 lacs,2.55 lacs,8.51 lacs,2.55 lacs,8.51 lacs,2.55 lacs,8.51 lacs
Israel,ISR,,13.39 lacs,3.56 lacs,13.39 lacs,3.56 lacs,13.39 lacs,3.56 lacs,13.39 lacs,3.56 lacs,13.39 lacs,3.56 lacs,13.39 lacs,3.56 lacs,13.39 lacs,3.56 lacs,13.39 lacs,3.56 lacs,13.39 lacs,3.56 lacs,13.39 lacs,3.56 lacs,13.39 lacs,3.56 lacs,13.39 lacs,3.56 lacs,13.39 lacs,3.56 lacs,13.39 lacs,3.56 lacs,13.39 lacs,3.56 lacs
Italy,ITA,,10.1 lacs,0.92 lacs,10.1 lacs,0.92 lacs,10.1 lacs,0.92 lacs,10.1 lacs,0.92 lacs,10.1 lacs,0.92 lacs,10.1 lacs,0.92 lacs,10.1 lacs,0.92 lacs,10.1 lacs,0.92 lacs,10.1 lacs,0.92 lacs,10.1 lacs,0.92 lacs,10.1 lacs,0.92 lacs,10.1 lacs,0.92 lacs,10.1 lacs,,10.1 lacs,0.92 lacs,10.1 lacs,0.92 lacs
Jamaica,JAM,,15.74 lacs,1.9 lacs,15.74 lacs,1.9 lacs,15.74 lacs,1.9 lacs,15.74 lacs,1.9 lacs,15.74 lacs,1.9 lacs,15.74 lacs,1.9 lacs,15.74 lacs,1.9 lacs,15.74 lacs,1.9 lacs,15.74 lacs,1.9 lacs,15.74 lacs,1.9 lacs,15.74 lacs,1.9 lacs,15.74 lacs,1.9 lacs,15.74 lacs,1.9 lacs,15.74 lacs,,15.74 lacs,1.9 lacs
Jordan,JOR,,19.51 lacs,3.87 lacs,19.51 lacs,3.87 lacs,19.51 lacs,3.87 lacs,19.51 lacs,3.87 lacs,19.51 lacs,3.87 lacs,19.51 lacs,3.87 lacs,19.51 lacs,3.87 lacs,19.51 lacs,3.87 lacs,19.51 lacs,3.87 lacs,19.51 lacs,3.87 lacs,19.51 lacs,3.87 lacs,19.51 lacs,3.87 lacs,19.51 lacs,3.87 lacs,19.51 lacs,3.87 lacs,19.51 lacs,3.87 lacs
Japan,JPN,,2.1 lacs,8.96 lacs,2.1 lacs,8.96 lacs,2.1 lacs,8.96 lacs,2.1 lacs,8.96 lacs,2.1 lacs,8.96 lacs,2.1 lacs,8.96 lacs,2.1 lacs,8.96 lacs,2.1 lacs,8.96 lacs,2.1 lacs,8.96 lacs,2.1 lacs,8.96 lacs,2.1 lacs,8.96 lacs,2.1 lacs,8.96 lacs,2.1 lacs,8.96 lacs,2.1 lacs,8.96 lacs,2.1 lacs,8.96 lacs
Kazakhstan,KAZ,,0.9 lacs,7.5 lacs,0.9 lacs,7.5 lacs,0.9 lacs,7.5 lacs,0.9 lacs,7.5 lacs,0.9 lacs,7.5 lacs,0.9 lacs,7.5 lacs,0.9 lacs,7.5 lacs,0.9 lacs,7.5 lacs,0.9 lacs,7.5 lacs,0.9 lacs,7.5 lacs,0.9 lacs,7.5 lacs,0.9 lacs,7.5 lacs,0.9 lacs,7.5 lacs,0.9 lacs,7.5 lacs,0.9 lacs,7.5 lacs
Kenya,KEN,,3.12 lacs,2.9 lacs,3.12 lacs,2.9 lacs,3.12 lacs,2.9 lacs,3.12 lacs,2.9 lacs,3.12 lacs,2.9 lacs,3.12 lacs,2.9 lacs,3.12 lacs,2.9 lacs,3.12 lacs,2.9 lacs,3.12 lacs,2.9 lacs,3.12 lacs,2.9 lacs,3.12 lacs,2.9 lacs,3.12 lacs,2.9 lacs,3.12 lacs,2.9 lacs,3.12 lacs,2.9 lacs,3.12 lacs,2.9 lacs
Kyrgyz Republic,KGZ,,1 lacs,19.69 lacs,1 lacs,19.69 lacs,1 lacs,19.69 lacs,1 lacs,19.69 lacs,1 lacs,19.69 lacs,1 lacs,19.69 lacs,1 lacs,19.69 lacs,1 lacs,19.69 lacs,1 lacs,19.69 lacs,1 lacs,19.69 lacs,1 lacs,19.69 lacs,1 lacs,19.69 lacs,1 lacs,19.69 lacs,1 lacs,19.69 lacs,1 lacs,19.69 lacs
Cambodia,KHM,,0.73 lacs,7.69 lacs,0.73 lacs,7.69 lacs,0.73 lacs,7.69 lacs,0.73 lacs,7.69 lacs,0.73 lacs,7.69 lacs,0.73 lacs,7.69 lacs,0.73 lacs,7.69 lacs,0.73 lacs,7.69 lacs,0.73 lacs,7.69 lacs,0.73 lacs,7.69 lacs,0.73 lacs,7.69 lacs,0.73 lacs,7.69 lacs,0.73 lacs,7.69 lacs,0.73 lacs,7.69 lacs,0.73 lacs,7.69 lacs
"Korea, Rep.",KOR,,2.41 lacs,12.51 lacs,2.41 lacs,12.51 lacs,2.41 lacs,12.51 lacs,2.41 lacs,12.51 lacs,2.41 lacs,12.51 lacs,2.41 lacs,12.51 lacs,2.41 lacs,12.51 lacs,2.41 lacs,12.51 lacs,2.41 lacs,12.51 lacs,2.41 lacs,12.51 lacs,2.41 lacs,12.51 lacs,2.41 lacs,12.51 lacs,2.41 lacs,12.51 lacs,2.41 lacs,12.51 lacs,2.41 lacs,12.51 lacs
Kuwait,KWT,,0.88 lacs,1.91 lacs,0.88 lacs,1.91 lacs,0.88 lacs,1.91 lacs,0.88 lacs,1.91 lacs,0.88 lacs,1.91 lacs,0.88 lacs,1.91 lacs,0.88 lacs,1.91 lacs,0.88 lacs,1.91 lacs,0.88 lacs,1.91 lacs,0.88 lacs,1.91 lacs,0.88 lacs,1.91 lacs,0.88 lacs,1.91 lacs,0.88 lacs,1.91 lacs,0.88 lacs,1.91 lacs,0.88 lacs,1.91 lacs
Latin America & Caribbean (excluding high income),LAC,,5.84 lacs,1.69 lacs,5.84 lacs,1.69 lacs,5.84 lacs,1.69 lacs,5.84 lacs,1.69 lacs,5.84 lacs,1.69 lacs,5.84 lacs,1.69 lacs,5.84 lacs,1.69 lacs,5.84 lacs,1.69 lacs,5.84 lacs,1.69 lacs,5.84 lacs,1.69 lacs,5.84 lacs,1.69 lacs,5.84 lacs,1.69 lacs,5.84 lacs,1.69 lacs,5.84 lacs,1.69 lacs,5.84 lacs,1.69 lacs
Lao PDR,LAO,,2.53 lacs,4.96 lacs,2.53 lacs,4.96 lacs,2.53 lacs,4.96 lacs,2.53 lacs,4.96 lacs,2.53 lacs,4.96 lacs,2.53 lacs,4.96 lacs,2.53 lacs,4.96 lacs,2.53 lacs,4.96 lacs,2.53 lacs,4.96 lacs,2.53 lacs,4.96 lacs,2.53 lacs,4.96 lacs,2.53 lacs,4.96 lacs,2.53 lacs,4.96 lacs,2.53 lacs,,2.53 lacs,4.96 lacs
Lebanon,LBN,,8.37 lacs,2.38 lacs,8.37 lacs,2.38 lacs,8.37 lacs,2.38 lacs,8.37 lacs,2.38 lacs,8.37 lacs,2.38 lacs,8.37 lacs,2.38 lacs,8.37 lacs,2.38 lacs,8.37 lacs,2.38 lacs,8.37 lacs,2.38 lacs,8.37 lacs,2.38 lacs,8.37 lacs,2.38 lacs,8.37 lacs,2.38 lacs,8.37 lacs,2.38 lacs,8.37 lacs,2.38 lacs,8.37 lacs,2.38 lacs
Liberia,LBR,,2.23 lacs,8.31 lacs,2.23 lacs,8.31 lacs,2.23 lacs,8.31 lacs,2.23 lacs,8.31 lacs,2.23 lacs,8.31 lacs,2.23 lacs,8.31 lacs,2.23 lacs,8.31 lacs,2.23 lacs,8.31 lacs,2.23 lacs,8.31 lacs,2.23 lacs,8.31 lacs,2.23 lacs,8.31 lacs,2.23 lacs,8.31 lacs,2.23 lacs,8.31 lacs,2.23 lacs,8.31 lacs,2.23 lacs,8.31 lacs
Libya,LBY,,19.85 lacs,29.98 lacs,19.85 lacs,29.98 lacs,19.85 lacs,29.98 lacs,19.85 lacs,29.98 lacs,19.85 lacs,29.98 lacs,19.85 lacs,29.98 lacs,19.85 lacs,29.98 lacs,19.85 lacs,29.98 lacs,19.85 lacs,29.98 lacs,19.85 lacs,29.98 lacs,19.85 lacs,29.98 lacs,19.85 lacs,29.98 lacs,19.85 lacs,29.98 lacs,19.85 lacs,29.98 lacs,19.85 lacs,29.98 lacs
St. Lucia,LCA,,16.91 lacs,19.37 lacs,16.91 lacs,19.37 lacs,16.91 lacs,19.37 lacs,16.91 lacs,19.37 lacs,16.91 lacs,19.37 lacs,16.91 lacs,19.37 lacs,16.91 lacs,19.37 lacs,16.91 lacs,19.37 lacs,16.91 lacs,19.37 lacs,16.91 lacs,19.37 lacs,16.91 lacs,19.37 lacs,16.91 lacs,19.37 lacs,16.91 lacs,19.37 lacs,16.91 lacs,19.37 lacs,16.91 lacs,19.37 lacs
Latin America & Caribbean,LCN,,7.73 lacs,4.99 lacs,7.73 lacs,4.99 lacs,7.73 lacs,4.99 lacs,7.73 lacs,4.99 lacs,7.73 lacs,4.99 lacs,7.73 lacs,4.99 lacs,7.73 lacs,4.99 lacs,7.73 lacs,4.99 lacs,7.73 lacs,4.99 lacs,7.73 lacs,4.99 lacs,7.73 lacs,4.99 lacs,7.73 lacs,4.99 lacs,7.73 lacs,4.99 lacs,7.73 lacs,4.99 lacs,7.73 lacs,4.99 lacs
Least developed countries: UN classification,LDC,,10.81 lacs,7.79 lacs,10.81 lacs,7.79 lacs,10.81 lacs,7.79 lacs,10.81 lacs,7.79 lacs,10.81 lacs,7.79 lacs,10.81 lacs,7.79 lacs,10.81 lacs,7.79 lacs,10.81 lacs,7.79 lacs,10.81 lacs,7.79 lacs,10.81 lacs,7.79 lacs,10.81 lacs,7.79 lacs,10.81 lacs,7.79 lacs,10.81 lacs,7.79 lacs,10.81 lacs,7.79 lacs,10.81 lacs,7.79 lacs
Low income,LIC,,4.87 lacs,11.14 lacs,4.87 lacs,11.14 lacs,4.87 lacs,11.14 lacs,4.87 lacs,11.14 lacs,4.87 lacs,11.14 lacs,4.87 lacs,11.14 lacs,4.87 lacs,11.14 lacs,4.87 lacs,11.14 lacs,4.87 lacs,11.14 lacs,4.87 lacs,11.14 lacs,4.87 lacs,11.14 lacs,4.87 lacs,11.14 lacs,4.87 lacs,11.14 lacs,4.87 lacs,11.14 lacs,4.87 lacs,11.14 lacs
Sri Lanka,LKA,,4 lacs,4.75 lacs,4 lacs,4.75 lacs,4 lacs,4.75 lacs,4 lacs,4.75 lacs,4 lacs,4.75 lacs,4 lacs,4.75 lacs,4 lacs,4.75 lacs,4 lacs,4.75 lacs,4 lacs,4.75 lacs,4 lacs,4.75 lacs,4 lacs,4.75 lacs,4 lacs,4.75 lacs,4 lacs,4.75 lacs,4 lacs,4.75 lacs,4 lacs,4.75 lacs
Lower middle income,LMC,,18.58 lacs,3.96 lacs,18.58 lacs,3.96 lacs,18.58 lacs,3.96 lacs,18.58 lacs,3.96 lacs,18.58 lacs,3.96 lacs,18.58 lacs,3.96 lacs,18.58 lacs,3.96 lacs,18.58 lacs,3.96 lacs,18.58 lacs,3.96 lacs,18.58 lacs,3.96 lacs,18.58 lacs,3.96 lacs,18.58 lacs,3.96 lacs,18.58 lacs,3.96 lacs,18.58 lacs,3.96 lacs,18.58 lacs,3.96 lacs
Low & middle income,LMY,,12.47 lacs,16.99 lacs,12.47 lacs,16.99 lacs,12.47 lacs,16.99 lacs,12.47 lacs,16.99 lacs,12.47 lacs,16.99 lacs,12.47 lacs,16.99 lacs,12.47 lacs,16.99 lacs,12.47 lacs,16.99 lacs,12.47 lacs,16.99 lacs,12.47 lacs,16.99 lacs,12.47 lacs,16.99 lacs,12.47 lacs,16.99 lacs,12.47 lacs,16.99 lacs,12.47 lacs,16.99 lacs,12.47 lacs,16.99 lacs
Lesotho,LSO,,2.49 lacs,12.39 lacs,2.49 lacs,12.39 lacs,2.49 lacs,12.39 lacs,2.49 lacs,12.39 lacs,2.49 lacs,12.39 lacs,2.49 lacs,12.39 lacs,2.49 lacs,12.39 lacs,2.49 lacs,12.39 lacs,2.49 lacs,12.39 lacs,2.49 lacs,12.39 lacs,2.49 lacs,12.39 lacs,2.49 lacs,12.39 lacs,2.49 lacs,12.39 lacs,2.49 lacs,12.39 lacs,2.49 lacs,12.39 lacs
Late-demographic dividend,LTE,,17.32 lacs,2.75 lacs,17.32 lacs,2.75 lacs,17.32 lacs,2.75 lacs,17.32 lacs,2.75 lacs,17.32 lacs,2.75 lacs,17.32 lacs,2.75 lacs,17.32 lacs,2.75 lacs,17.32 lacs,2.75 lacs,17.32 lacs,2.75 lacs,17.32 lacs,2.75 lacs,17.32 lacs,2.75 lacs,17.32 lacs,2.75 lacs,17.32 lacs,2.75 lacs,17.32 lacs,2.75 lacs,17.32 lacs,2.75 lacs
Lithuania,LTU,,10.91 lacs,15.36 lacs,10.91 lacs,15.36 lacs,10.91 lacs,15.36 lacs,10.91 lacs,15.36 lacs,10.91 lacs,15.36 lacs,10.91 lacs,15.36 lacs,10.91 lacs,15.36 lacs,10.91 lacs,15.36 lacs,10.91 lacs,15.36 lacs,10.91 lacs,15.36 lacs,10.91 lacs,15.36 lacs,10.91 lacs,15.36 lacs,10.91 lacs,15.36 lacs,10.91 lacs,15.36 lacs,10.91 lacs,15.36 lacs
Luxembourg,LUX,,6.74 lacs,10.59 lacs,6.74 lacs,10.59 lacs,6.74 lacs,10.59 lacs,6.74 lacs,10.59 lacs,6.74 lacs,10.59 lacs,6.74 lacs,10.59 lacs,6.74 lacs,10.59 lacs,6.74 lacs,10.59 lacs,6.74 lacs,10.59 lacs,6.74 lacs,10.59 lacs,6.74 lacs,10.59 lacs,6.74 lacs,10.59 lacs,6.74 lacs,10.59 lacs,6.74 lacs,10.59 lacs,6.74 lacs,10.59 lacs
Latvia,LVA,,4.01 lacs,5.93 lacs,4.01 lacs,5.93 lacs,4.01 lacs,5.93 lacs,4.01 lacs,5.93 lacs,4.01 lacs,5.93 lacs,4.01 lacs,5.93 lacs,4.01 lacs,5.93 lacs,4.01 lacs,5.93 lacs,4.01 lacs,5.93 lacs,4.01 lacs,5.93 lacs,4.01 lacs,5.93 lacs,4.01 lacs,5.93 lacs,4.01 lacs,5.93 lacs,4.01 lacs,5.93 lacs,4.01 lacs,5.93 lacs
"Macao SAR, China",MAC,,10.91 lacs,4.78 lacs,10.91 lacs,4.78 lacs,10.91 lacs,4.78 lacs,10.91 lacs,4.78 lacs,10.91 lacs,4.78 lacs,10.91 lacs,4.78 lacs,10.91 lacs,4.78 lacs,10.91 lacs,4.78 lacs,10.91 lacs,4.78 lacs,10.91 lacs,4.78 lacs,10.91 lacs,4.78 lacs,10.91 lacs,4.78 lacs,10.91 lacs,4.78 lacs,10.91 lacs,4.78 lacs,10.91 lacs,4.78 lacs
Morocco,MAR,,1.59 lacs,9.17 lacs,1.59 lacs,9.17 lacs,1.59 lacs,9.17 lacs,1.59 lacs,9.17 lacs,1.59 lacs,9.17 lacs,1.59 lacs,9.17 lacs,1.59 lacs,9.17 lacs,1.59 lacs,9.17 lacs,1.59 lacs,9.17 lacs,1.59 lacs,9.17 lacs,1.59 lacs,9.17 lacs,1.59 lacs,9.17 lacs,1.59 lacs,9.17 lacs,1.59 lacs,9.17 lacs,1.59 lacs,9.17 lacs
Moldova,MDA,,6.18 lacs,1.61 lacs,6.18 lacs,1.61 lacs,6.18 lacs,1.61 lacs,6.18 lacs,1.61 lacs,6.18 lacs,1.61 lacs,6.18 lacs,1.61 lacs,6.18 lacs,1.61 lacs,6.18 lacs,1.61 lacs,6.18 lacs,1.61 lacs,6.18 lacs,1.61 lacs,6.18 lacs,1.61 lacs,6.18 lacs,1.61 lacs,6.18 lacs,1.61 lacs,6.18 lacs,1.61 lacs,6.18 lacs,1.61 lacs
Madagascar,MDG,,0.77 lacs,7.68 lacs,0.77 lacs,7.68 lacs,0.77 lacs,7.68 lacs,0.77 lacs,7.68 lacs,0.77 lacs,7.68 lacs,0.77 lacs,7.68 lacs,0.77 lacs,7.68 lacs,0.77 lacs,7.68 lacs,0.77 lacs,7.68 lacs,0.77 lacs,7.68 lacs,0.77 lacs,7.68 lacs,0.77 lacs,7.68 lacs,0.77 lacs,7.68 lacs,0.77 lacs,7.68 lacs,0.77 lacs,7.68 lacs
Maldives,MDV,,2.65 lacs,0.74 lacs,2.65 lacs,0.74 lacs,2.65 lacs,0.74 lacs,2.65 lacs,0.74 lacs,2.65 lacs,0.74 lacs,2.65 lacs,0.74 lacs,2.65 lacs,0.74 lacs,2.65 lacs,0.74 lacs,2.65 lacs,0.74 lacs,2.65 lacs,0.74 lacs,2.65 lacs,0.74 lacs,2.65 lacs,0.74 lacs,2.65 lacs,0.74 lacs,2.65 lacs,0.74 lacs,2.65 lacs,0.74 lacs
Middle East & North Africa,MEA,,3.62 lacs,2.78 lacs,3.62 lacs,2.78 lacs,3.62 lacs,2.78 lacs,3.62 lacs,2.78 lacs,3.62 lacs,2.78 lacs,3.62 lacs,2.78 lacs,3.62 lacs,2.78 lacs,3.62 lacs,2.78 lacs,3.62 lacs,2.78 lacs,3.62 lacs,2.78 lacs,3.62 lacs,2.78 lacs,3.62 lacs,2.78 lacs,3.62 lacs,2.78 lacs,3.62 lacs,2.78 lacs,3.62 lacs,2.78 lacs
Mexico,MEX,,19.92 lacs,4.32 lacs,19.92 lacs,4.32 lacs,19.92 lacs,4.32 lacs,19.92 lacs,4.32 lacs,19.92 lacs,4.32 lacs,19.92 lacs,4.32 lacs,19.92 lacs,4.32 lacs,19.92 lacs,4.32 lacs,19.92 lacs,4.32 lacs,19.92 lacs,4.32 lacs,19.92 lacs,4.32 lacs,19.92 lacs,4.32 lacs,19.92 lacs,4.32 lacs,19.92 lacs,4.32 lacs,19.92 lacs,4.32 lacs
Middle income,MIC,,111.2 lacs,13.73 lacs,111.2 lacs,13.73 lacs,111.2 lacs,13.73 lacs,111.2 lacs,13.73 lacs,111.2 lacs,13.73 lacs,111.2 lacs,13.73 lacs,111.2 lacs,13.73 lacs,111.2 lacs,13.73 lacs,111.2 lacs,13.73 lacs,111.2 lacs,13.73 lacs,111.2 lacs,13.73 lacs,111.2 lacs,13.73 lacs,111.2 lacs,13.73 lacs,111.2 lacs,13.73 lacs,111.2 lacs,13.73 lacs
North Macedonia,MKD,,6.87 lacs,1.09 lacs,6.87 lacs,1.09 lacs,6.87 lacs,1.09 lacs,6.87 lacs,1.09 lacs,6.87 lacs,1.09 lacs,6.87 lacs,1.09 lacs,6.87 lacs,1.09 lacs,6.87 lacs,1.09 lacs,6.87 lacs,1.09 lacs,6.87 lacs,1.09 lacs,6.87 lacs,1.09 lacs,6.87 lacs,1.09 lacs,6.87 lacs,1.09 lacs,6.87 lacs,1.09 lacs,6.87 lacs,1.09 lacs
Mali,MLI,,26.61 lacs,10.84 lacs,26.61 lacs,10.84 lacs,26.61 lacs,10.84 lacs,26.61 lacs,10.84 lacs,26.61 lacs,10.84 lacs,26.61 lacs,10.84 lacs,26.61 lacs,10.84 lacs,26.61 lacs,10.84 lacs,26.61 lacs,10.84 lacs,26.61 lacs,10.84 lacs,26.61 lacs,10.84 lacs,26.61 lacs,10.84 lacs,26.61 lacs,10.84 lacs,26.61 lacs,10.84 lacs,26.61 lacs,10.84 lacs
Malta,MLT,,11.55 lacs,28.36 lacs,11.55 lacs,28.36 lacs,11.55 lacs,28.36 lacs,11.55 lacs,28.36 lacs,11.55 lacs,28.36 lacs,11.55 lacs,28.36 lacs,11.55 lacs,28.36 lacs,11.55 lacs,28.36 lacs,11.55 lacs,28.36 lacs,11.55 lacs,28.36 lacs,11.55 lacs,28.36 lacs,11.55 lacs,28.36 lacs,11.55 lacs,28.36 lacs,11.55 lacs,28.36 lacs,11.55 lacs,28.36 lacs
Myanmar,MMR,,9.07 lacs,10.32 lacs,9.07 lacs,10.32 lacs,9.07 lacs,10.32 lacs,9.07 lacs,10.32 lacs,9.07 lacs,10.32 lacs,9.07 lacs,10.32 lacs,9.07 lacs,10.32 lacs,9.07 lacs,10.32 lacs,9.07 lacs,10.32 lacs,9.07 lacs,10.32 lacs,9.07 lacs,10.32 lacs,9.07 lacs,10.32 lacs,9.07 lacs,10.32 lacs,9.07 lacs,10.32 lacs,9.07 lacs,10.32 lacs
Middle East & North Africa (excluding high income),MNA,,2.48 lacs,10.24 lacs,2.48 lacs,10.24 lacs,2.48 lacs,10.24 lacs,2.48 lacs,10.24 lacs,2.48 lacs,10.24 lacs,2.48 lacs,10.24 lacs,2.48 lacs,10.24 lacs,2.48 lacs,10.24 lacs,2.48 lacs,10.24 lacs,2.48 lacs,10.24 lacs,2.48 lacs,10.24 lacs,2.48 lacs,10.24 lacs,2.48 lacs,10.24 lacs,2.48 lacs,10.24 lacs,2.48 lacs,10.24 lacs
Montenegro,MNE,,9.61 lacs,2.54 lacs,9.61 lacs,2.54 lacs,9.61 lacs,2.54 lacs,9.61 lacs,2.54 lacs,9.61 lacs,2.54 lacs,9.61 lacs,2.54 lacs,9.61 lacs,2.54 lacs,9.61 lacs,2.54 lacs,9.61 lacs,2.54 lacs,9.61 lacs,2.54 lacs,9.61 lacs,2.54 lacs,9.61 lacs,2.54 lacs,9.61 lacs,2.54 lacs,9.61 lacs,2.54 lacs,9.61 lacs,2.54 lacs
Mongolia,MNG,,9.85 lacs,9.99 lacs,9.85 lacs,9.99 lacs,9.85 lacs,9.99 lacs,9.85 lacs,9.99 lacs,9.85 lacs,9.99 lacs,9.85 lacs,9.99 lacs,9.85 lacs,9.99 lacs,9.85 lacs,9.99 lacs,9.85 lacs,9.99 lacs,9.85 lacs,9.99 lacs,9.85 lacs,9.99 lacs,9.85 lacs,9.99 lacs,9.85 lacs,9.99 lacs,9.85 lacs,9.99 lacs,9.85 lacs,9.99 lacs
Mozambique,MOZ,,5.78 lacs,11 lacs,5.78 lacs,11 lacs,5.78 lacs,11 lacs,5.78 lacs,11 lacs,5.78 lacs,11 lacs,5.78 lacs,11 lacs,5.78 lacs,11 lacs,5.78 lacs,11 lacs,5.78 lacs,11 lacs,5.78 lacs,11 lacs,5.78 lacs,11 lacs,5.78 lacs,11 lacs,5.78 lacs,11 lacs,5.78 lacs,11 lacs,5.78 lacs,11 lacs
Mauritania,MRT,,1.9 lacs,6.01 lacs,1.9 lacs,6.01 lacs,1.9 lacs,6.01 lacs,1.9 lacs,6.01 lacs,1.9 lacs,6.01 lacs,1.9 lacs,6.01 lacs,1.9 lacs,6.01 lacs,1.9 lacs,6.01 lacs,1.9 lacs,6.01 lacs,1.9 lacs,6.01 lacs,1.9 lacs,6.01 lacs,1.9 lacs,6.01 lacs,1.9 lacs,6.01 lacs,1.9 lacs,6.01 lacs,1.9 lacs,6.01 lacs
Mauritius,MUS,,18.54 lacs,1.8 lacs,18.54 lacs,1.8 lacs,18.54 lacs,1.8 lacs,18.54 lacs,1.8 lacs,18.54 lacs,1.8 lacs,18.54 lacs,1.8 lacs,18.54 lacs,1.8 lacs,18.54 lacs,1.8 lacs,18.54 lacs,1.8 lacs,18.54 lacs,1.8 lacs,18.54 lacs,1.8 lacs,18.54 lacs,1.8 lacs,18.54 lacs,1.8 lacs,18.54 lacs,1.8 lacs,18.54 lacs,1.8 lacs
Malawi,MWI,,5.69 lacs,23.8 lacs,5.69 lacs,23.8 lacs,5.69 lacs,23.8 lacs,5.69 lacs,23.8 lacs,5.69 lacs,23.8 lacs,5.69 lacs,23.8 lacs,5.69 lacs,23.8 lacs,5.69 lacs,23.8 lacs,5.69 lacs,23.8 lacs,5.69 lacs,23.8 lacs,5.69 lacs,23.8 lacs,5.69 lacs,23.8 lacs,5.69 lacs,23.8 lacs,5.69 lacs,23.8 lacs,5.69 lacs,23.8 lacs
Malaysia,MYS,,7.22 lacs,5.81 lacs,7.22 lacs,5.81 lacs,7.22 lacs,5.81 lacs,7.22 lacs,5.81 lacs,7.22 lacs,5.81 lacs,7.22 lacs,5.81 lacs,7.22 lacs,5.81 lacs,7.22 lacs,5.81 lacs,7.22 lacs,5.81 lacs,7.22 lacs,5.81 lacs,7.22 lacs,5.81 lacs,7.22 lacs,5.81 lacs,7.22 lacs,5.81 lacs,7.22 lacs,5.81 lacs,7.22 lacs,5.81 lacs
North America,NAC,,13.22 lacs,7.57 lacs,13.22 lacs,7.57 lacs,13.22 lacs,7.57 lacs,13.22 lacs,7.57 lacs,13.22 lacs,7.57 lacs,13.22 lacs,7.57 lacs,13.22 lacs,7.57 lacs,13.22 lacs,7.57 lacs,13.22 lacs,7.57 lacs,13.22 lacs,7.57 lacs,13.22 lacs,7.57 lacs,13.22 lacs,7.57 lacs,13.22 lacs,7.57 lacs,13.22 lacs,7.57 lacs,13.22 lacs,7.57 lacs
Namibia,NAM,,2.49 lacs,12.93 lacs,2.49 lacs,12.93 lacs,2.49 lacs,12.93 lacs,2.49 lacs,12.93 lacs,2.49 lacs,12.93 lacs,2.49 lacs,12.93 lacs,2.49 lacs,12.93 lacs,2.49 lacs,12.93 lacs,2.49 lacs,12.93 lacs,2.49 lacs,12.93 lacs,2.49 lacs,12.93 lacs,2.49 lacs,12.93 lacs,2.49 lacs,12.93 lacs,2.49 lacs,12.93 lacs,2.49 lacs,12.93 lacs
New Caledonia,NCL,,5.32 lacs,4.12 lacs,5.32 lacs,4.12 lacs,5.32 lacs,4.12 lacs,5.32 lacs,4.12 lacs,5.32 lacs,4.12 lacs,5.32 lacs,4.12 lacs,5.32 lacs,4.12 lacs,5.32 lacs,4.12 lacs,5.32 lacs,4.12 lacs,5.32 lacs,4.12 lacs,5.32 lacs,4.12 lacs,5.32 lacs,4.12 lacs,5.32 lacs,4.12 lacs,5.32 lacs,4.12 lacs,5.32 lacs,4.12 lacs
Niger,NER,,10.39 lacs,5.93 lacs,10.39 lacs,5.93 lacs,10.39 lacs,5.93 lacs,10.39 lacs,5.93 lacs,10.39 lacs,5.93 lacs,10.39 lacs,5.93 lacs,10.39 lacs,5.93 lacs,10.39 lacs,5.93 lacs,10.39 lacs,5.93 lacs,10.39 lacs,5.93 lacs,10.39 lacs,5.93 lacs,10.39 lacs,5.93 lacs,10.39 lacs,5.93 lacs,10.39 lacs,5.93 lacs,10.39 lacs,5.93 lacs
Nigeria,NGA,,3.8 lacs,9.77 lacs,3.8 lacs,9.77 lacs,3.8 lacs,9.77 lacs,3.8 lacs,9.77 lacs,3.8 lacs,9.77 lacs,3.8 lacs,9.77 lacs,3.8 lacs,9.77 lacs,3.8 lacs,9.77 lacs,3.8 lacs,9.77 lacs,3.8 lacs,9.77 lacs,3.8 lacs,9.77 lacs,3.8 lacs,9.77 lacs,3.8 lacs,9.77 lacs,3.8 lacs,9.77 lacs,3.8 lacs,9.77 lacs
Nicaragua,NIC,,4.8 lacs,4.58 lacs,4.8 lacs,4.58 lacs,4.8 lacs,4.58 lacs,4.8 lacs,4.58 lacs,4.8 lacs,4.58 lacs,4.8 lacs,4.58 lacs,4.8 lacs,4.58 lacs,4.8 lacs,4.58 lacs,4.8 lacs,4.58 lacs,4.8 lacs,4.58 lacs,4.8 lacs,4.58 lacs,4.8 lacs,4.58 lacs,4.8 lacs,4.58 lacs,4.8 lacs,4.58 lacs,4.8 lacs,4.58 lacs
Netherlands,NLD,,7.46 lacs,5.26 lacs,7.46 lacs,5.26 lacs,7.46 lacs,5.26 lacs,7.46 lacs,5.26 lacs,7.46 lacs,5.26 lacs,7.46 lacs,5.26 lacs,7.46 lacs,5.26 lacs,7.46 lacs,5.26 lacs,7.46 lacs,5.26 lacs,7.46 lacs,5.26 lacs,7.46 lacs,5.26 lacs,7.46 lacs,5.26 lacs,7.46 lacs,5.26 lacs,7.46 lacs,5.26 lacs,7.46 lacs,5.26 lacs
Norway,NOR,,2.89 lacs,5.93 lacs,2.89 lacs,5.93 lacs,2.89 lacs,5.93 lacs,2.89 lacs,5.93 lacs,2.89 lacs,5.93 lacs,2.89 lacs,5.93 lacs,2.89 lacs,5.93 lacs,2.89 lacs,5.93 lacs,2.89 lacs,5.93 lacs,2.89 lacs,5.93 lacs,2.89 lacs,5.93 lacs,2.89 lacs,5.93 lacs,2.89 lacs,5.93 lacs,2.89 lacs,5.93 lacs,2.89 lacs,5.93 lacs
Nepal,NPL,,19.91 lacs,2.86 lacs,19.91 lacs,2.86 lacs,19.91 lacs,2.86 lacs,19.91 lacs,2.86 lacs,19.91 lacs,2.86 lacs,19.91 lacs,2.86 lacs,19.91 lacs,2.86 lacs,19.91 lacs,2.86 lacs,19.91 lacs,2.86 lacs,19.91 lacs,2.86 lacs,19.91 lacs,2.86 lacs,19.91 lacs,2.86 lacs,19.91 lacs,2.86 lacs,19.91 lacs,2.86 lacs,19.91 lacs,2.86 lacs
New Zealand,NZL,,15.04 lacs,19.9 lacs,15.04 lacs,19.9 lacs,15.04 lacs,19.9 lacs,15.04 lacs,19.9 lacs,15.04 lacs,19.9 lacs,15.04 lacs,19.9 lacs,15.04 lacs,19.9 lacs,15.04 lacs,19.9 lacs,15.04 lacs,19.9 lacs,15.04 lacs,19.9 lacs,15.04 lacs,19.9 lacs,15.04 lacs,19.9 lacs,15.04 lacs,19.9 lacs,15.04 lacs,19.9 lacs,15.04 lacs,19.9 lacs
OECD members,OED,,4.69 lacs,13.22 lacs,4.69 lacs,13.22 lacs,4.69 lacs,13.22 lacs,4.69 lacs,13.22 lacs,4.69 lacs,13.22 lacs,4.69 lacs,13.22 lacs,4.69 lacs,13.22 lacs,4.69 lacs,13.22 lacs,4.69 lacs,13.22 lacs,4.69 lacs,13.22 lacs,4.69 lacs,13.22 lacs,4.69 lacs,13.22 lacs,4.69 lacs,13.22 lacs,4.69 lacs,13.22 lacs,4.69 lacs,13.22 lacs
Oman,OMN,,11.01 lacs,4.61 lacs,11.01 lacs,4.61 lacs,11.01 lacs,4.61 lacs,11.01 lacs,4.61 lacs,11.01 lacs,4.61 lacs,11.01 lacs,4.61 lacs,11.01 lacs,4.61 lacs,11.01 lacs,4.61 lacs,11.01 lacs,4.61 lacs,11.01 lacs,4.61 lacs,11.01 lacs,4.61 lacs,11.01 lacs,4.61 lacs,11.01 lacs,4.61 lacs,11.01 lacs,4.61 lacs,11.01 lacs,4.61 lacs
Other small states,OSS,,5.92 lacs,10.93 lacs,5.92 lacs,10.93 lacs,5.92 lacs,10.93 lacs,5.92 lacs,10.93 lacs,5.92 lacs,10.93 lacs,5.92 lacs,10.93 lacs,5.92 lacs,10.93 lacs,5.92 lacs,10.93 lacs,5.92 lacs,10.93 lacs,5.92 lacs,10.93 lacs,5.92 lacs,10.93 lacs,5.92 lacs,10.93 lacs,5.92 lacs,10.93 lacs,5.92 lacs,10.93 lacs,5.92 lacs,10.93 lacs
Pakistan,PAK,,12.79 lacs,6.56 lacs,12.79 lacs,6.56 lacs,12.79 lacs,6.56 lacs,12.79 lacs,6.56 lacs,12.79 lacs,6.56 lacs,12.79 lacs,6.56 lacs,12.79 lacs,6.56 lacs,12.79 lacs,6.56 lacs,12.79 lacs,6.56 lacs,12.79 lacs,6.56 lacs,12.79 lacs,6.56 lacs,12.79 lacs,6.56 lacs,12.79 lacs,6.56 lacs,12.79 lacs,6.56 lacs,12.79 lacs,6.56 lacs
Panama,PAN,,4.08 lacs,11.63 lacs,4.08 lacs,11.63 lacs,4.08 lacs,11.63 lacs,4.08 lacs,11.63 lacs,4.08 lacs,11.63 lacs,4.08 lacs,11.63 lacs,4.08 lacs,11.63 lacs,4.08 lacs,11.63 lacs,4.08 lacs,11.63 lacs,4.08 lacs,11.63 lacs,4.08 lacs,11.63 lacs,4.08 lacs,11.63 lacs,4.08 lacs,11.63 lacs,4.08 lacs,11.63 lacs,4.08 lacs,11.63 lacs
Peru,PER,,3.98 lacs,2.33 lacs,3.98 lacs,2.33 lacs,3.98 lacs,2.33 lacs,3.98 lacs,2.33 lacs,3.98 lacs,2.33 lacs,3.98 lacs,2.33 lacs,3.98 lacs,2.33 lacs,3.98 lacs,2.33 lacs,3.98 lacs,2.33 lacs,3.98 lacs,2.33 lacs,3.98 lacs,2.33 lacs,3.98 lacs,2.33 lacs,3.98 lacs,2.33 lacs,3.98 lacs,2.33 lacs,3.98 lacs,2.33 lacs
Philippines,PHL,,7.99 lacs,4.14 lacs,7.99 lacs,4.14 lacs,7.99 lacs,4.14 lacs,7.99 lacs,4.14 lacs,7.99 lacs,4.14 lacs,7.99 lacs,4.14 lacs,7.99 lacs,4.14 lacs,7.99 lacs,4.14 lacs,7.99 lacs,4.14 lacs,7.99 lacs,4.14 lacs,7.99 lacs,4.14 lacs,7.99 lacs,4.14 lacs,7.99 lacs,4.14 lacs,7.99 lacs,4.14 lacs,7.99 lacs,4.14 lacs
Papua New Guinea,PNG,,7.77 lacs,7.54 lacs,7.77 lacs,7.54 lacs,7.77 lacs,7.54 lacs,7.77 lacs,7.54 lacs,7.77 lacs,7.54 lacs,7.77 lacs,7.54 lacs,7.77 lacs,7.54 lacs,7.77 lacs,7.54 lacs,7.77 lacs,7.54 lacs,7.77 lacs,7.54 lacs,7.77 lacs,7.54 lacs,7.77 lacs,7.54 lacs,7.77 lacs,7.54 lacs,7.77 lacs,7.54 lacs,7.77 lacs,7.54 lacs
Poland,POL,,28.22 lacs,9.78 lacs,28.22 lacs,9.78 lacs,28.22 lacs,9.78 lacs,28.22 lacs,9.78 lacs,28.22 lacs,9.78 lacs,28.22 lacs,9.78 lacs,28.22 lacs,9.78 lacs,28.22 lacs,9.78 lacs,28.22 lacs,9.78 lacs,28.22 lacs,9.78 lacs,28.22 lacs,9.78 lacs,28.22 lacs,9.78 lacs,28.22 lacs,9.78 lacs,28.22 lacs,9.78 lacs,28.22 lacs,9.78 lacs
Pre-demographic dividend,PRE,,4.16 lacs,27.96 lacs,4.16 lacs,27.96 lacs,4.16 lacs,27.96 lacs,4.16 lacs,27.96 lacs,4.16 lacs,27.96 lacs,4.16 lacs,27.96 lacs,4.16 lacs,27.96 lacs,4.16 lacs,27.96 lacs,4.16 lacs,27.96 lacs,4.16 lacs,27.96 lacs,4.16 lacs,27.96 lacs,4.16 lacs,27.96 lacs,4.16 lacs,27.96 lacs,4.16 lacs,27.96 lacs,4.16 lacs,27.96 lacs
Puerto Rico,PRI,,7.26 lacs,5.4 lacs,7.26 lacs,5.4 lacs,7.26 lacs,5.4 lacs,7.26 lacs,5.4 lacs,7.26 lacs,5.4 lacs,7.26 lacs,5.4 lacs,7.26 lacs,5.4 lacs,7.26 lacs,5.4 lacs,7.26 lacs,5.4 lacs,7.26 lacs,5.4 lacs,7.26 lacs,5.4 lacs,7.26 lacs,5.4 lacs,7.26 lacs,5.4 lacs,7.26 lacs,5.4 lacs,7.26 lacs,5.4 lacs
"Korea, Dem. People's Rep.",PRK,,27.3 lacs,6.94 lacs,27.3 lacs,6.94 lacs,27.3 lacs,6.94 lacs,27.3 lacs,6.94 lacs,27.3 lacs,6.94 lacs,27.3 lacs,6.94 lacs,27.3 lacs,6.94 lacs,27.3 lacs,6.94 lacs,27.3 lacs,6.94 lacs,27.3 lacs,6.94 lacs,27.3 lacs,6.94 lacs,27.3 lacs,6.94 lacs,27.3 lacs,6.94 lacs,27.3 lacs,6.94 lacs,27.3 lacs,6.94 lacs
Portugal,PRT,,3.83 lacs,23.72 lacs,3.83 lacs,23.72 lacs,3.83 lacs,23.72 lacs,3.83 lacs,23.72 lacs,3.83 lacs,23.72 lacs,3.83 lacs,23.72 lacs,3.83 lacs,23.72 lacs,3.83 lacs,23.72 lacs,3.83 lacs,23.72 lacs,3.83 lacs,23.72 lacs,3.83 lacs,23.72 lacs,3.83 lacs,23.72 lacs,3.83 lacs,23.72 lacs,3.83 lacs,23.72 lacs,3.83 lacs,23.72 lacs
Paraguay,PRY,,6.33 lacs,4.4 lacs,6.33 lacs,4.4 lacs,6.33 lacs,4.4 lacs,6.33 lacs,4.4 lacs,6.33 lacs,4.4 lacs,6.33 lacs,4.4 lacs,6.33 lacs,4.4 lacs,6.33 lacs,4.4 lacs,6.33 lacs,4.4 lacs,6.33 lacs,4.4 lacs,6.33 lacs,4.4 lacs,6.33 lacs,4.4 lacs,6.33 lacs,4.4 lacs,6.33 lacs,4.4 lacs,6.33 lacs,4.4 lacs
West Bank and Gaza,PSE,,3.94 lacs,6.5 lacs,3.94 lacs,6.5 lacs,3.94 lacs,6.5 lacs,3.94 lacs,6.5 lacs,3.94 lacs,6.5 lacs,3.94 lacs,6.5 lacs,3.94 lacs,6.5 lacs,3.94 lacs,6.5 lacs,3.94 lacs,6.5 lacs,3.94 lacs,6.5 lacs,3.94 lacs,6.5 lacs,3.94 lacs,6.5 lacs,3.94 lacs,6.5 lacs,3.94 lacs,6.5 lacs,3.94 lacs,6.5 lacs
Pacific island small states,PSS,,10.28 lacs,4.46 lacs,10.28 lacs,4.46 lacs,10.28 lacs,4.46 lacs,10.28 lacs,4.46 lacs,10.28 lacs,4.46 lacs,10.28 lacs,4.46 lacs,10.28 lacs,4.46 lacs,10.28 lacs,4.46 lacs,10.28 lacs,4.46 lacs,10.28 lacs,4.46 lacs,10.28 lacs,4.46 lacs,10.28 lacs,4.46 lacs,10.28 lacs,4.46 lacs,10.28 lacs,4.46 lacs,10.28 lacs,4.46 lacs
Post-demographic dividend,PST,,9.11 lacs,9.62 lacs,9.11 lacs,9.62 lacs,9.11 lacs,9.62 lacs,9.11 lacs,9.62 lacs,9.11 lacs,9.62 lacs,9.11 lacs,9.62 lacs,9.11 lacs,9.62 lacs,9.11 lacs,9.62 lacs,9.11 lacs,9.62 lacs,9.11 lacs,9.62 lacs,9.11 lacs,9.62 lacs,9.11 lacs,9.62 lacs,9.11 lacs,9.62 lacs,9.11 lacs,9.62 lacs,9.11 lacs,9.62 lacs
French Polynesia,PYF,,4.25 lacs,9.14 lacs,4.25 lacs,9.14 lacs,4.25 lacs,9.14 lacs,4.25 lacs,9.14 lacs,4.25 lacs,9.14 lacs,4.25 lacs,9.14 lacs,4.25 lacs,9.14 lacs,4.25 lacs,9.14 lacs,4.25 lacs,9.14 lacs,4.25 lacs,9.14 lacs,4.25 lacs,9.14 lacs,4.25 lacs,9.14 lacs,4.25 lacs,9.14 lacs,4.25 lacs,9.14 lacs,4.25 lacs,9.14 lacs
Qatar,QAT,,9.26 lacs,5.66 lacs,9.26 lacs,5.66 lacs,9.26 lacs,5.66 lacs,9.26 lacs,5.66 lacs,9.26 lacs,5.66 lacs,9.26 lacs,5.66 lacs,9.26 lacs,5.66 lacs,9.26 lacs,5.66 lacs,9.26 lacs,5.66 lacs,9.26 lacs,5.66 lacs,9.26 lacs,5.66 lacs,9.26 lacs,5.66 lacs,9.26 lacs,5.66 lacs,9.26 lacs,5.66 lacs,9.26 lacs,5.66 lacs
Romania,ROU,,8.35 lacs,11.01 lacs,8.35 lacs,11.01 lacs,8.35 lacs,11.01 lacs,8.35 lacs,11.01 lacs,8.35 lacs,11.01 lacs,8.35 lacs,11.01 lacs,8.35 lacs,11.01 lacs,8.35 lacs,11.01 lacs,8.35 lacs,11.01 lacs,8.35 lacs,11.01 lacs,8.35 lacs,11.01 lacs,8.35 lacs,11.01 lacs,8.35 lacs,11.01 lacs,8.35 lacs,11.01 lacs,8.35 lacs,11.01 lacs
Russian Federation,RUS,,5.77 lacs,8.95 lacs,5.77 lacs,8.95 lacs,5.77 lacs,8.95 lacs,5.77 lacs,8.95 lacs,5.77 lacs,8.95 lacs,5.77 lacs,8.95 lacs,5.77 lacs,8.95 lacs,5.77 lacs,8.95 lacs,5.77 lacs,8.95 lacs,5.77 lacs,8.95 lacs,5.77 lacs,8.95 lacs,5.77 lacs,8.95 lacs,5.77 lacs,8.95 lacs,5.77 lacs,8.95 lacs,5.77 lacs,8.95 lacs
Rwanda,RWA,,10.35 lacs,5.58 lacs,10.35 lacs,5.58 lacs,10.35 lacs,5.58 lacs,10.35 lacs,5.58 lacs,10.35 lacs,5.58 lacs,10.35 lacs,5.58 lacs,10.35 lacs,5.58 lacs,10.35 lacs,5.58 lacs,10.35 lacs,5.58 lacs,10.35 lacs,5.58 lacs,10.35 lacs,5.58 lacs,10.35 lacs,5.58 lacs,10.35 lacs,5.58 lacs,10.35 lacs,5.58 lacs,10.35 lacs,5.58 lacs
South Asia,SAS,,13.13 lacs,11.28 lacs,13.13 lacs,11.28 lacs,13.13 lacs,11.28 lacs,13.13 lacs,11.28 lacs,13.13 lacs,11.28 lacs,13.13 lacs,11.28 lacs,13.13 lacs,11.28 lacs,13.13 lacs,11.28 lacs,13.13 lacs,11.28 lacs,13.13 lacs,11.28 lacs,13.13 lacs,11.28 lacs,13.13 lacs,11.28 lacs,13.13 lacs,11.28 lacs,13.13 lacs,11.28 lacs,13.13 lacs,11.28 lacs
Saudi Arabia,SAU,,3.3 lacs,11.29 lacs,3.3 lacs,11.29 lacs,3.3 lacs,11.29 lacs,3.3 lacs,11.29 lacs,3.3 lacs,11.29 lacs,3.3 lacs,11.29 lacs,3.3 lacs,11.29 lacs,3.3 lacs,11.29 lacs,3.3 lacs,11.29 lacs,3.3 lacs,11.29 lacs,3.3 lacs,11.29 lacs,3.3 lacs,11.29 lacs,3.3 lacs,11.29 lacs,3.3 lacs,11.29 lacs,3.3 lacs,11.29 lacs
Sudan,SDN,,9.19 lacs,2.94 lacs,9.19 lacs,2.94 lacs,9.19 lacs,2.94 lacs,9.19 lacs,2.94 lacs,9.19 lacs,2.94 lacs,9.19 lacs,2.94 lacs,9.19 lacs,2.94 lacs,9.19 lacs,2.94 lacs,9.19 lacs,2.94 lacs,9.19 lacs,2.94 lacs,9.19 lacs,2.94 lacs,9.19 lacs,2.94 lacs,9.19 lacs,2.94 lacs,9.19 lacs,2.94 lacs,9.19 lacs,2.94 lacs
Senegal,SEN,,6.08 lacs,9.63 lacs,6.08 lacs,9.63 lacs,6.08 lacs,9.63 lacs,6.08 lacs,9.63 lacs,6.08 lacs,9.63 lacs,6.08 lacs,9.63 lacs,6.08 lacs,9.63 lacs,6.08 lacs,9.63 lacs,6.08 lacs,9.63 lacs,6.08 lacs,9.63 lacs,6.08 lacs,9.63 lacs,6.08 lacs,9.63 lacs,6.08 lacs,9.63 lacs,6.08 lacs,9.63 lacs,6.08 lacs,9.63 lacs
Singapore,SGP,,10.29 lacs,5.99 lacs,10.29 lacs,5.99 lacs,10.29 lacs,5.99 lacs,10.29 lacs,5.99 lacs,10.29 lacs,5.99 lacs,10.29 lacs,5.99 lacs,10.29 lacs,5.99 lacs,10.29 lacs,5.99 lacs,10.29 lacs,5.99 lacs,10.29 lacs,5.99 lacs,10.29 lacs,5.99 lacs,10.29 lacs,5.99 lacs,10.29 lacs,5.99 lacs,10.29 lacs,5.99 lacs,10.29 lacs,5.99 lacs
Solomon Islands,SLB,,3.91 lacs,10.47 lacs,3.91 lacs,10.47 lacs,3.91 lacs,10.47 lacs,3.91 lacs,10.47 lacs,3.91 lacs,10.47 lacs,3.91 lacs,10.47 lacs,3.91 lacs,10.47 lacs,3.91 lacs,10.47 lacs,3.91 lacs,10.47 lacs,3.91 lacs,10.47 lacs,3.91 lacs,10.47 lacs,3.91 lacs,10.47 lacs,3.91 lacs,10.47 lacs,3.91 lacs,10.47 lacs,3.91 lacs,10.47 lacs
Sierra Leone,SLE,,8.61 lacs,3.91 lacs,8.61 lacs,3.91 lacs,8.61 lacs,3.91 lacs,8.61 lacs,3.91 lacs,8.61 lacs,3.91 lacs,8.61 lacs,3.91 lacs,8.61 lacs,3.91 lacs,8.61 lacs,3.91 lacs,8.61 lacs,3.91 lacs,8.61 lacs,3.91 lacs,8.61 lacs,3.91 lacs,8.61 lacs,3.91 lacs,8.61 lacs,3.91 lacs,8.61 lacs,3.91 lacs,8.61 lacs,3.91 lacs
El Salvador,SLV,,17.23 lacs,8.31 lacs,17.23 lacs,8.31 lacs,17.23 lacs,8.31 lacs,17.23 lacs,8.31 lacs,17.23 lacs,8.31 lacs,17.23 lacs,8.31 lacs,17.23 lacs,8.31 lacs,17.23 lacs,8.31 lacs,17.23 lacs,8.31 lacs,17.23 lacs,8.31 lacs,17.23 lacs,8.31 lacs,17.23 lacs,8.31 lacs,17.23 lacs,8.31 lacs,17.23 lacs,8.31 lacs,17.23 lacs,8.31 lacs
Somalia,SOM,,4.7 lacs,17.07 lacs,4.7 lacs,17.07 lacs,4.7 lacs,17.07 lacs,4.7 lacs,17.07 lacs,4.7 lacs,17.07 lacs,4.7 lacs,17.07 lacs,4.7 lacs,17.07 lacs,4.7 lacs,17.07 lacs,4.7 lacs,17.07 lacs,4.7 lacs,17.07 lacs,4.7 lacs,17.07 lacs,4.7 lacs,17.07 lacs,4.7 lacs,17.07 lacs,4.7 lacs,17.07 lacs,4.7 lacs,17.07 lacs
Serbia,SRB,,11.16 lacs,4.81 lacs,11.16 lacs,4.81 lacs,11.16 lacs,4.81 lacs,11.16 lacs,4.81 lacs,11.16 lacs,4.81 lacs,11.16 lacs,4.81 lacs,11.16 lacs,4.81 lacs,11.16 lacs,4.81 lacs,11.16 lacs,4.81 lacs,11.16 lacs,4.81 lacs,11.16 lacs,4.81 lacs,11.16 lacs,4.81 lacs,11.16 lacs,4.81 lacs,11.16 lacs,4.81 lacs,11.16 lacs,4.81 lacs
Sub-Saharan Africa (excluding high income),SSA,,9.5 lacs,11.51 lacs,9.5 lacs,11.51 lacs,9.5 lacs,11.51 lacs,9.5 lacs,11.51 lacs,9.5 lacs,11.51 lacs,9.5 lacs,11.51 lacs,9.5 lacs,11.51 lacs,9.5 lacs,11.51 lacs,9.5 lacs,11.51 lacs,9.5 lacs,11.51 lacs,9.5 lacs,11.51 lacs,9.5 lacs,11.51 lacs,9.5 lacs,11.51 lacs,9.5 lacs,11.51 lacs,9.5 lacs,11.51 lacs
South Sudan,SSD,,4.55 lacs,7.56 lacs,4.55 lacs,7.56 lacs,4.55 lacs,7.56 lacs,4.55 lacs,7.56 lacs,4.55 lacs,7.56 lacs,4.55 lacs,7.56 lacs,4.55 lacs,7.56 lacs,4.55 lacs,7.56 lacs,4.55 lacs,7.56 lacs,4.55 lacs,7.56 lacs,4.55 lacs,7.56 lacs,4.55 lacs,7.56 lacs,4.55 lacs,7.56 lacs,4.55 lacs,7.56 lacs,4.55 lacs,7.56 lacs
Sub-Saharan Africa,SSF,,9.11 lacs,4.62 lacs,9.11 lacs,4.62 lacs,9.11 lacs,4.62 lacs,9.11 lacs,4.62 lacs,9.11 lacs,4.62 lacs,9.11 lacs,4.62 lacs,9.11 lacs,4.62 lacs,9.11 lacs,4.62 lacs,9.11 lacs,4.62 lacs,9.11 lacs,4.62 lacs,9.11 lacs,4.62 lacs,9.11 lacs,4.62 lacs,9.11 lacs,4.62 lacs,9.11 lacs,4.62 lacs,9.11 lacs,4.62 lacs
Small states,SST,,6.3 lacs,9.16 lacs,6.3 lacs,9.16 lacs,6.3 lacs,9.16 lacs,6.3 lacs,9.16 lacs,6.3 lacs,9.16 lacs,6.3 lacs,9.16 lacs,6.3 lacs,9.16 lacs,6.3 lacs,9.16 lacs,6.3 lacs,9.16 lacs,6.3 lacs,9.16 lacs,6.3 lacs,9.16 lacs,6.3 lacs,9.16 lacs,6.3 lacs,9.16 lacs,6.3 lacs,9.16 lacs,6.3 lacs,9.16 lacs
Sao Tome and Principe,STP,,8.57 lacs,6.37 lacs,8.57 lacs,6.37 lacs,8.57 lacs,6.37 lacs,8.57 lacs,6.37 lacs,8.57 lacs,6.37 lacs,8.57 lacs,6.37 lacs,8.57 lacs,6.37 lacs,8.57 lacs,6.37 lacs,8.57 lacs,6.37 lacs,8.57 lacs,6.37 lacs,8.57 lacs,6.37 lacs,8.57 lacs,6.37 lacs,8.57 lacs,6.37 lacs,8.57 lacs,6.37 lacs,8.57 lacs,6.37 lacs
Suriname,SUR,,10.46 lacs,8.77 lacs,10.46 lacs,8.77 lacs,10.46 lacs,8.77 lacs,10.46 lacs,8.77 lacs,10.46 lacs,8.77 lacs,10.46 lacs,8.77 lacs,10.46 lacs,8.77 lacs,10.46 lacs,8.77 lacs,10.46 lacs,8.77 lacs,10.46 lacs,8.77 lacs,10.46 lacs,8.77 lacs,10.46 lacs,8.77 lacs,10.46 lacs,8.77 lacs,10.46 lacs,8.77 lacs,10.46 lacs,8.77 lacs
Slovak Republic,SVK,,2.78 lacs,9.41 lacs,2.78 lacs,9.41 lacs,2.78 lacs,9.41 lacs,2.78 lacs,9.41 lacs,2.78 lacs,9.41 lacs,2.78 lacs,9.41 lacs,2.78 lacs,9.41 lacs,2.78 lacs,9.41 lacs,2.78 lacs,9.41 lacs,2.78 lacs,9.41 lacs,2.78 lacs,9.41 lacs,2.78 lacs,9.41 lacs,2.78 lacs,9.41 lacs,2.78 lacs,9.41 lacs,2.78 lacs,9.41 lacs
Slovenia,SVN,,13.21 lacs,2.81 lacs,13.21 lacs,2.81 lacs,13.21 lacs,2.81 lacs,13.21 lacs,2.81 lacs,13.21 lacs,2.81 lacs,13.21 lacs,2.81 lacs,13.21 lacs,2.81 lacs,13.21 lacs,2.81 lacs,13.21 lacs,2.81 lacs,13.21 lacs,2.81 lacs,13.21 lacs,2.81 lacs,13.21 lacs,2.81 lacs,13.21 lacs,2.81 lacs,13.21 lacs,2.81 lacs,13.21 lacs,2.81 lacs
Sweden,SWE,,11.81 lacs,9.75 lacs,11.81 lacs,9.75 lacs,11.81 lacs,9.75 lacs,11.81 lacs,9.75 lacs,11.81 lacs,9.75 lacs,11.81 lacs,9.75 lacs,11.81 lacs,9.75 lacs,11.81 lacs,9.75 lacs,11.81 lacs,9.75 lacs,11.81 lacs,9.75 lacs,11.81 lacs,9.75 lacs,11.81 lacs,9.75 lacs,11.81 lacs,9.75 lacs,11.81 lacs,9.75 lacs,11.81 lacs,9.75 lacs
Eswatini,SWZ,,6.5 lacs,11.55 lacs,6.5 lacs,11.55 lacs,6.5 lacs,11.55 lacs,6.5 lacs,11.55 lacs,6.5 lacs,11.55 lacs,6.5 lacs,11.55 lacs,6.5 lacs,11.55 lacs,6.5 lacs,11.55 lacs,6.5 lacs,11.55 lacs,6.5 lacs,11.55 lacs,6.5 lacs,11.55 lacs,6.5 lacs,11.55 lacs,6.5 lacs,11.55 lacs,6.5 lacs,11.55 lacs,6.5 lacs,11.55 lacs
Syrian Arab Republic,SYR,,5.09 lacs,7.13 lacs,5.09 lacs,7.13 lacs,5.09 lacs,7.13 lacs,5.09 lacs,7.13 lacs,5.09 lacs,7.13 lacs,5.09 lacs,7.13 lacs,5.09 lacs,7.13 lacs,5.09 lacs,7.13 lacs,5.09 lacs,7.13 lacs,5.09 lacs,7.13 lacs,5.09 lacs,7.13 lacs,5.09 lacs,7.13 lacs,5.09 lacs,7.13 lacs,5.09 lacs,7.13 lacs,5.09 lacs,7.13 lacs
Chad,TCD,,4 lacs,7.86 lacs,4 lacs,7.86 lacs,4 lacs,7.86 lacs,4 lacs,7.86 lacs,4 lacs,7.86 lacs,4 lacs,7.86 lacs,4 lacs,7.86 lacs,4 lacs,7.86 lacs,4 lacs,7.86 lacs,4 lacs,7.86 lacs,4 lacs,7.86 lacs,4 lacs,7.86 lacs,4 lacs,7.86 lacs,4 lacs,7.86 lacs,4 lacs,7.86 lacs
East Asia & Pacific (IDA & IBRD countries),TEA,,5.18 lacs,5.3 lacs,5.18 lacs,5.3 lacs,5.18 lacs,5.3 lacs,5.18 lacs,5.3 lacs,5.18 lacs,5.3 lacs,5.18 lacs,5.3 lacs,5.18 lacs,5.3 lacs,5.18 lacs,5.3 lacs,5.18 lacs,5.3 lacs,5.18 lacs,5.3 lacs,5.18 lacs,5.3 lacs,5.18 lacs,5.3 lacs,5.18 lacs,5.3 lacs,5.18 lacs,5.3 lacs,5.18 lacs,5.3 lacs
Europe & Central Asia (IDA & IBRD countries),TEC,,15.82 lacs,5.17 lacs,15.82 lacs,5.17 lacs,15.82 lacs,5.17 lacs,15.82 lacs,5.17 lacs,15.82 lacs,5.17 lacs,15.82 lacs,5.17 lacs,15.82 lacs,5.17 lacs,15.82 lacs,5.17 lacs,15.82 lacs,5.17 lacs,,5.17 lacs,15.82 lacs,5.17 lacs,15.82 lacs,5.17 lacs,15.82 lacs,5.17 lacs,15.82 lacs,5.17 lacs,15.82 lacs,5.17 lacs
Togo,TGO,,9.63 lacs,13.92 lacs,9.63 lacs,13.92 lacs,9.63 lacs,13.92 lacs,9.63 lacs,13.92 lacs,9.63 lacs,13.92 lacs,9.63 lacs,13.92 lacs,9.63 lacs,13.92 lacs,9.63 lacs,13.92 lacs,9.63 lacs,13.92 lacs,9.63 lacs,13.92 lacs,9.63 lacs,13.92 lacs,9.63 lacs,13.92 lacs,9.63 lacs,13.92 lacs,9.63 lacs,13.92 lacs,9.63 lacs,13.92 lacs
Thailand,THA,,5.67 lacs,12 lacs,5.67 lacs,12 lacs,5.67 lacs,12 lacs,5.67 lacs,12 lacs,5.67 lacs,12 lacs,5.67 lacs,12 lacs,5.67 lacs,12 lacs,5.67 lacs,12 lacs,5.67 lacs,12 lacs,5.67 lacs,12 lacs,5.67 lacs,12 lacs,5.67 lacs,12 lacs,5.67 lacs,12 lacs,5.67 lacs,12 lacs,5.67 lacs,12 lacs
Tajikistan,TJK,,6.18 lacs,5.79 lacs,6.18 lacs,5.79 lacs,6.18 lacs,5.79 lacs,6.18 lacs,5.79 lacs,6.18 lacs,5.79 lacs,6.18 lacs,5.79 lacs,6.18 lacs,5.79 lacs,6.18 lacs,5.79 lacs,6.18 lacs,5.79 lacs,6.18 lacs,5.79 lacs,,5.79 lacs,6.18 lacs,5.79 lacs,6.18 lacs,5.79 lacs,6.18 lacs,5.79 lacs,6.18 lacs,5.79 lacs
Turkmenistan,TKM,,5.85 lacs,6.47 lacs,5.85 lacs,6.47 lacs,5.85 lacs,6.47 lacs,5.85 lacs,6.47 lacs,5.85 lacs,6.47 lacs,5.85 lacs,6.47 lacs,5.85 lacs,6.47 lacs,5.85 lacs,6.47 lacs,5.85 lacs,6.47 lacs,5.85 lacs,6.47 lacs,5.85 lacs,6.47 lacs,5.85 lacs,6.47 lacs,5.85 lacs,6.47 lacs,5.85 lacs,6.47 lacs,5.85 lacs,6.47 lacs
Latin America & the Caribbean (IDA & IBRD countries),TLA,,4.37 lacs,6.09 lacs,4.37 lacs,6.09 lacs,4.37 lacs,6.09 lacs,4.37 lacs,6.09 lacs,4.37 lacs,6.09 lacs,4.37 lacs,6.09 lacs,4.37 lacs,6.09 lacs,4.37 lacs,6.09 lacs,4.37 lacs,6.09 lacs,4.37 lacs,6.09 lacs,4.37 lacs,6.09 lacs,4.37 lacs,6.09 lacs,4.37 lacs,6.09 lacs,4.37 lacs,6.09 lacs,4.37 lacs,6.09 lacs
Timor-Leste,TLS,,3.73 lacs,4.37 lacs,3.73 lacs,4.37 lacs,3.73 lacs,4.37 lacs,3.73 lacs,4.37 lacs,3.73 lacs,4.37 lacs,3.73 lacs,4.37 lacs,3.73 lacs,4.37 lacs,3.73 lacs,4.37 lacs,3.73 lacs,4.37 lacs,3.73 lacs,4.37 lacs,3.73 lacs,4.37 lacs,3.73 lacs,4.37 lacs,3.73 lacs,4.37 lacs,3.73 lacs,4.37 lacs,3.73 lacs,4.37 lacs
Middle East & North Africa (IDA & IBRD countries),TMN,,6.08 lacs,3.42 lacs,6.08 lacs,3.42 lacs,6.08 lacs,3.42 lacs,6.08 lacs,3.42 lacs,6.08 lacs,3.42 lacs,6.08 lacs,3.42 lacs,6.08 lacs,3.42 lacs,6.08 lacs,3.42 lacs,6.08 lacs,3.42 lacs,6.08 lacs,3.42 lacs,6.08 lacs,3.42 lacs,,3.42 lacs,6.08 lacs,3.42 lacs,6.08 lacs,3.42 lacs,6.08 lacs,3.42 lacs
Tonga,TON,,4.66 lacs,6.66 lacs,4.66 lacs,6.66 lacs,4.66 lacs,6.66 lacs,4.66 lacs,6.66 lacs,4.66 lacs,6.66 lacs,4.66 lacs,6.66 lacs,4.66 lacs,6.66 lacs,4.66 lacs,6.66 lacs,4.66 lacs,6.66 lacs,4.66 lacs,6.66 lacs,4.66 lacs,6.66 lacs,4.66 lacs,6.66 lacs,4.66 lacs,6.66 lacs,4.66 lacs,6.66 lacs,4.66 lacs,6.66 lacs
South Asia (IDA & IBRD),TSA,,5.58 lacs,4.8 lacs,5.58 lacs,4.8 lacs,5.58 lacs,4.8 lacs,5.58 lacs,4.8 lacs,5.58 lacs,4.8 lacs,5.58 lacs,4.8 lacs,5.58 lacs,4.8 lacs,5.58 lacs,4.8 lacs,5.58 lacs,4.8 lacs,5.58 lacs,4.8 lacs,5.58 lacs,4.8 lacs,5.58 lacs,4.8 lacs,5.58 lacs,4.8 lacs,5.58 lacs,4.8 lacs,5.58 lacs,4.8 lacs
Sub-Saharan Africa (IDA & IBRD countries),TSS,,3.68 lacs,5.64 lacs,3.68 lacs,5.64 lacs,3.68 lacs,5.64 lacs,3.68 lacs,5.64 lacs,3.68 lacs,5.64 lacs,3.68 lacs,5.64 lacs,3.68 lacs,5.64 lacs,3.68 lacs,5.64 lacs,3.68 lacs,5.64 lacs,3.68 lacs,5.64 lacs,3.68 lacs,5.64 lacs,3.68 lacs,5.64 lacs,3.68 lacs,5.64 lacs,3.68 lacs,5.64 lacs,3.68 lacs,5.64 lacs
Trinidad and Tobago,TTO,,12.28 lacs,4.48 lacs,12.28 lacs,4.48 lacs,12.28 lacs,4.48 lacs,12.28 lacs,4.48 lacs,12.28 lacs,4.48 lacs,12.28 lacs,4.48 lacs,12.28 lacs,4.48 lacs,12.28 lacs,4.48 lacs,12.28 lacs,4.48 lacs,12.28 lacs,4.48 lacs,12.28 lacs,4.48 lacs,12.28 lacs,4.48 lacs,12.28 lacs,4.48 lacs,12.28 lacs,4.48 lacs,12.28 lacs,4.48 lacs
Tunisia,TUN,,8.81 lacs,11.51 lacs,8.81 lacs,11.51 lacs,8.81 lacs,11.51 lacs,8.81 lacs,11.51 lacs,8.81 lacs,11.51 lacs,8.81 lacs,11.51 lacs,8.81 lacs,11.51 lacs,8.81 lacs,11.51 lacs,,11.51 lacs,8.81 lacs,11.51 lacs,8.81 lacs,11.51 lacs,8.81 lacs,11.51 lacs,8.81 lacs,11.51 lacs,8.81 lacs,11.51 lacs,8.81 lacs,11.51 lacs
Turkiye,TUR,,1.87 lacs,8.82 lacs,1.87 lacs,8.82 lacs,1.87 lacs,8.82 lacs,1.87 lacs,8.82 lacs,1.87 lacs,8.82 lacs,1.87 lacs,8.82 lacs,1.87 lacs,8.82 lacs,1.87 lacs,8.82 lacs,1.87 lacs,8.82 lacs,1.87 lacs,8.82 lacs,1.87 lacs,8.82 lacs,1.87 lacs,8.82 lacs,1.87 lacs,8.82 lacs,1.87 lacs,8.82 lacs,1.87 lacs,8.82 lacs
Tanzania,TZA,,11.81 lacs,4 lacs,11.81 lacs,4 lacs,11.81 lacs,4 lacs,11.81 lacs,4 lacs,11.81 lacs,4 lacs,11.81 lacs,4 lacs,11.81 lacs,4 lacs,11.81 lacs,4 lacs,11.81 lacs,4 lacs,11.81 lacs,4 lacs,11.81 lacs,4 lacs,11.81 lacs,4 lacs,11.81 lacs,4 lacs,11.81 lacs,4 lacs,11.81 lacs,4 lacs
Uganda,UGA,,9.6 lacs,13.51 lacs,9.6 lacs,13.51 lacs,9.6 lacs,13.51 lacs,9.6 lacs,13.51 lacs,9.6 lacs,13.51 lacs,9.6 lacs,13.51 lacs,9.6 lacs,13.51 lacs,9.6 lacs,13.51 lacs,9.6 lacs,13.51 lacs,9.6 lacs,13.51 lacs,9.6 lacs,13.51 lacs,9.6 lacs,13.51 lacs,9.6 lacs,13.51 lacs,9.6 lacs,13.51 lacs,9.6 lacs,13.51 lacs
Ukraine,UKR,,14.93 lacs,8.87 lacs,14.93 lacs,8.87 lacs,14.93 lacs,8.87 lacs,14.93 lacs,8.87 lacs,14.93 lacs,8.87 lacs,14.93 lacs,8.87 lacs,14.93 lacs,8.87 lacs,14.93 lacs,8.87 lacs,14.93 lacs,8.87 lacs,14.93 lacs,8.87 lacs,14.93 lacs,8.87 lacs,14.93 lacs,8.87 lacs,14.93 lacs,8.87 lacs,14.93 lacs,8.87 lacs,14.93 lacs,8.87 lacs
Upper middle income,UMC,,14.7 lacs,11.73 lacs,14.7 lacs,11.73 lacs,14.7 lacs,11.73 lacs,14.7 lacs,11.73 lacs,14.7 lacs,11.73 lacs,14.7 lacs,11.73 lacs,14.7 lacs,11.73 lacs,14.7 lacs,11.73 lacs,14.7 lacs,11.73 lacs,14.7 lacs,11.73 lacs,14.7 lacs,11.73 lacs,14.7 lacs,11.73 lacs,14.7 lacs,11.73 lacs,14.7 lacs,11.73 lacs,14.7 lacs,11.73 lacs
Uruguay,URY,,5.02 lacs,14.5 lacs,5.02 lacs,14.5 lacs,5.02 lacs,14.5 lacs,5.02 lacs,14.5 lacs,5.02 lacs,14.5 lacs,5.02 lacs,14.5 lacs,5.02 lacs,14.5 lacs,5.02 lacs,14.5 lacs,5.02 lacs,14.5 lacs,5.02 lacs,14.5 lacs,5.02 lacs,14.5 lacs,5.02 lacs,14.5 lacs,5.02 lacs,14.5 lacs,5.02 lacs,14.5 lacs,5.02 lacs,14.5 lacs
United States,USA,,10.43 lacs,5.25 lacs,10.43 lacs,5.25 lacs,10.43 lacs,5.25 lacs,10.43 lacs,5.25 lacs,10.43 lacs,5.25 lacs,10.43 lacs,5.25 lacs,10.43 lacs,5.25 lacs,10.43 lacs,5.25 lacs,10.43 lacs,5.25 lacs,10.43 lacs,5.25 lacs,10.43 lacs,5.25 lacs,10.43 lacs,5.25 lacs,10.43 lacs,5.25 lacs,10.43 lacs,5.25 lacs,10.43 lacs,5.25 lacs
Uzbekistan,UZB,,2.99 lacs,8.78 lacs,2.99 lacs,8.78 lacs,2.99 lacs,8.78 lacs,2.99 lacs,8.78 lacs,2.99 lacs,8.78 lacs,2.99 lacs,8.78 lacs,2.99 lacs,8.78 lacs,2.99 lacs,8.78 lacs,2.99 lacs,8.78 lacs,2.99 lacs,8.78 lacs,2.99 lacs,8.78 lacs,2.99 lacs,8.78 lacs,2.99 lacs,8.78 lacs,2.99 lacs,8.78 lacs,2.99 lacs,8.78 lacs
St. Vincent and the Grenadines,VCT,,7.84 lacs,2.97 lacs,7.84 lacs,2.97 lacs,7.84 lacs,2.97 lacs,7.84 lacs,2.97 lacs,7.84 lacs,2.97 lacs,7.84 lacs,2.97 lacs,7.84 lacs,2.97 lacs,7.84 lacs,2.97 lacs,7.84 lacs,2.97 lacs,7.84 lacs,2.97 lacs,7.84 lacs,2.97 lacs,7.84 lacs,2.97 lacs,7.84 lacs,2.97 lacs,7.84 lacs,2.97 lacs,7.84 lacs,2.97 lacs
"Venezuela, RB",VEN,,1.03 lacs,9.92 lacs,1.03 lacs,9.92 lacs,1.03 lacs,9.92 lacs,1.03 lacs,9.92 lacs,1.03 lacs,9.92 lacs,1.03 lacs,9.92 lacs,1.03 lacs,9.92 lacs,1.03 lacs,9.92 lacs,1.03 lacs,9.92 lacs,1.03 lacs,9.92 lacs,1.03 lacs,9.92 lacs,1.03 lacs,9.92 lacs,1.03 lacs,9.92 lacs,1.03 lacs,9.92 lacs,1.03 lacs,9.92 lacs
Virgin Islands (U.S.),VIR,,3.7 lacs,1.11 lacs,3.7 lacs,1.11 lacs,3.7 lacs,1.11 lacs,3.7 lacs,1.11 lacs,3.7 lacs,1.11 lacs,3.7 lacs,1.11 lacs,3.7 lacs,,3.7 lacs,1.11 lacs,3.7 lacs,1.11 lacs,3.7 lacs,1.11 lacs,3.7 lacs,1.11 lacs,3.7 lacs,1.11 lacs,3.7 lacs,1.11 lacs,3.7 lacs,1.11 lacs,3.7 lacs,1.11 lacs
Vietnam,VNM,,0.8 lacs,3.35 lacs,0.8 lacs,3.35 lacs,0.8 lacs,3.35 lacs,0.8 lacs,3.35 lacs,0.8 lacs,3.35 lacs,0.8 lacs,3.35 lacs,0.8 lacs,3.35 lacs,0.8 lacs,,0.8 lacs,3.35 lacs,0.8 lacs,3.35 lacs,0.8 lacs,3.35 lacs,0.8 lacs,3.35 lacs,0.8 lacs,3.35 lacs,0.8 lacs,3.35 lacs,0.8 lacs,3.35 lacs
Vanuatu,VUT,,8.39 lacs,1.3 lacs,8.39 lacs,1.3 lacs,8.39 lacs,1.3 lacs,8.39 lacs,1.3 lacs,8.39 lacs,1.3 lacs,8.39 lacs,1.3 lacs,8.39 lacs,,8.39 lacs,1.3 lacs,8.39 lacs,1.3 lacs,8.39 lacs,1.3 lacs,8.39 lacs,1.3 lacs,8.39 lacs,1.3 lacs,8.39 lacs,1.3 lacs,8.39 lacs,1.3 lacs,8.39 lacs,1.3 lacs
World,WLD,,1.94 lacs,8.33 lacs,1.94 lacs,8.33 lacs,1.94 lacs,8.33 lacs,1.94 lacs,8.33 lacs,1.94 lacs,8.33 lacs,1.94 lacs,8.33 lacs,1.94 lacs,8.33 lacs,1.94 lacs,8.33 lacs,1.94 lacs,8.33 lacs,1.94 lacs,8.33 lacs,1.94 lacs,8.33 lacs,1.94 lacs,8.33 lacs,1.94 lacs,8.33 lacs,1.94 lacs,8.33 lacs,1.94 lacs,8.33 lacs
Samoa,WSM,,8.19 lacs,1.66 lacs,8.19 lacs,1.66 lacs,8.19 lacs,1.66 lacs,8.19 lacs,1.66 lacs,8.19 lacs,1.66 lacs,8.19 lacs,1.66 lacs,8.19 lacs,1.66 lacs,8.19 lacs,1.66 lacs,8.19 lacs,1.66 lacs,8.19 lacs,1.66 lacs,8.19 lacs,1.66 lacs,8.19 lacs,1.66 lacs,8.19 lacs,1.66 lacs,8.19 lacs,1.66 lacs,8.19 lacs,1.66 lacs
"Yemen, Rep.",YEM,,2.13 lacs,7.99 lacs,2.13 lacs,7.99 lacs,2.13 lacs,7.99 lacs,2.13 lacs,7.99 lacs,2.13 lacs,7.99 lacs,2.13 lacs,7.99 lacs,2.13 lacs,7.99 lacs,2.13 lacs,7.99 lacs,2.13 lacs,7.99 lacs,2.13 lacs,7.99 lacs,2.13 lacs,7.99 lacs,2.13 lacs,7.99 lacs,2.13 lacs,7.99 lacs,2.13 lacs,7.99 lacs,2.13 lacs,7.99 lacs
South Africa,ZAF,,19.7 lacs,2.18 lacs,19.7 lacs,2.18 lacs,19.7 lacs,2.18 lacs,19.7 lacs,2.18 lacs,19.7 lacs,2.18 lacs,19.7 lacs,2.18 lacs,19.7 lacs,2.18 lacs,19.7 lacs,2.18 lacs,19.7 lacs,2.18 lacs,19.7 lacs,2.18 lacs,19.7 lacs,2.18 lacs,19.7 lacs,2.18 lacs,19.7 lacs,2.18 lacs,19.7 lacs,2.18 lacs,19.7 lacs,2.18 lacs
Zambia,ZMB,,18.52 lacs,19.46 lacs,18.52 lacs,19.46 lacs,18.52 lacs,19.46 lacs,18.52 lacs,19.46 lacs,18.52 lacs,19.46 lacs,18.52 lacs,19.46 lacs,18.52 lacs,19.46 lacs,18.52 lacs,19.46 lacs,18.52 lacs,19.46 lacs,18.52 lacs,19.46 lacs,18.52 lacs,19.46 lacs,18.52 lacs,19.46 lacs,18.52 lacs,19.46 lacs,18.52 lacs,19.46 lacs,18.52 lacs,19.46 lacs
Zimbabwe,ZWE,,,,,,,,,,,,,,,,,,,,,,,,,,,,,,,
